source	category	protocol	family_members	documented	role	scg_page	paper_url	citation_text	doi	pmid	pmcid	title	journal	year	slug	is_defining	our_dir	our_status	note
scg_lib_structs	Gene expression	SMART-seq family	SMART-seq; SMART-seq2/3/3xpress; FLASH-seq	yes	primary	https://teichlab.github.io/scg_lib_structs/methods_html/SMART-seq_family.html	https://www.nature.com/nbt/journal/v30/n8/full/nbt.2282.html	SMART-seq	10.1038/nbt.2282	22820318	PMC3467340	Full-length mRNA-Seq from single-cell levels of RNA and individual circulating tumor cells	Nature Biotechnology	2012	smart-seq-family__10.1038+nbt.2282	yes	smart-seq__10.1038+nbt.2282	documented	Original SMART-seq protocol; defining source is Ramsköld et al. 2012.
scg_lib_structs	Gene expression	SMART-seq family	SMART-seq; SMART-seq2/3/3xpress; FLASH-seq	yes	primary	https://teichlab.github.io/scg_lib_structs/methods_html/SMART-seq_family.html	https://www.nature.com/nmeth/journal/v10/n11/full/nmeth.2639.html	SMART-seq2	10.1038/nmeth.2639	24056875		Smart-seq2 for sensitive full-length transcriptome profiling in single cells	Nature Methods	2013	smart-seq-family__10.1038+nbt.2282	no	smart-seq2__10.1038+nmeth.2639	documented	SMART-seq2 protocol; defining source is Picelli et al. 2013.
scg_lib_structs	Gene expression	SMART-seq family	SMART-seq; SMART-seq2/3/3xpress; FLASH-seq	yes	cited	https://teichlab.github.io/scg_lib_structs/methods_html/SMART-seq_family.html	http://www.nature.com/nmeth/journal/v7/n7/full/nmeth.1470.html	( i.e. semi-suppressive PCR )	10.1038/nmeth.1470	20543846	PMC2906222	Linking promoters to functional transcripts in small samples with nanoCAGE and CAGEscan	Nature Methods	2010	smart-seq-family__10.1038+nbt.2282	no			upstream aggregate; documented here as five separate protocols
scg_lib_structs	Gene expression	SMART-seq family	SMART-seq; SMART-seq2/3/3xpress; FLASH-seq	yes	primary	https://teichlab.github.io/scg_lib_structs/methods_html/SMART-seq_family.html	https://www.nature.com/articles/s41587-020-0497-0	SMART-seq3	10.1038/s41587-020-0497-0	32518404		Single-cell RNA counting at allele and isoform resolution using Smart-seq3	Nature Biotechnology	2020	smart-seq-family__10.1038+nbt.2282	no			upstream aggregate; documented here as five separate protocols
scg_lib_structs	Gene expression	SMART-seq family	SMART-seq; SMART-seq2/3/3xpress; FLASH-seq	yes	primary	https://teichlab.github.io/scg_lib_structs/methods_html/SMART-seq_family.html	https://www.nature.com/articles/s41587-022-01311-4	SMART-seq3xpress	10.1038/s41587-022-01311-4	35637418	PMC9546772	Scalable single-cell RNA sequencing from full transcripts with Smart-seq3xpress	Nature Biotechnology	2022	smart-seq-family__10.1038+nbt.2282	no			upstream aggregate; documented here as five separate protocols
scg_lib_structs	Gene expression	SMART-seq family	SMART-seq; SMART-seq2/3/3xpress; FLASH-seq	yes	primary	https://teichlab.github.io/scg_lib_structs/methods_html/SMART-seq_family.html	https://www.nature.com/articles/s41587-022-01312-3	FLASH-seq	10.1038/s41587-022-01312-3	35637419	PMC9546769	Fast and highly sensitive full-length single-cell RNA sequencing using FLASH-seq	Nature Biotechnology	2022	smart-seq-family__10.1038+nbt.2282	no	flash-seq__10.1038+s41587-022-01312-3	documented	FLASH-seq protocol; defining source is Hahaut et al. 2022.
scg_lib_structs	Gene expression	STRT-seq family	STRT-seq; STRT-seq-C1; STRT-seq-2i	yes	primary	https://teichlab.github.io/scg_lib_structs/methods_html/STRT-seq_family.html	http://genome.cshlp.org/content/21/7/1160.full	STRT-seq	10.1101/gr.110882.110	21543516	PMC3129258	Characterization of the single-cell transcriptional landscape by highly multiplex RNA-seq	Genome Research	2011	strt-seq-family__10.1101+gr.110882.110	yes	strt-seq__10.1101+gr.110882.110	documented	Original plate-based STRT protocol from Islam et al. 2011; the retained family research note also records provenance for later variants.
scg_lib_structs	Gene expression	STRT-seq family	STRT-seq; STRT-seq-C1; STRT-seq-2i	yes	cited	https://teichlab.github.io/scg_lib_structs/methods_html/STRT-seq_family.html	http://www.nature.com/nmeth/journal/v7/n7/full/nmeth.1470.html	( i.e. semi-suppressive PCR )	10.1038/nmeth.1470	20543846	PMC2906222	Linking promoters to functional transcripts in small samples with nanoCAGE and CAGEscan	Nature Methods	2010	strt-seq-family__10.1101+gr.110882.110	no			
scg_lib_structs	Gene expression	STRT-seq family	STRT-seq; STRT-seq-C1; STRT-seq-2i	yes	primary	https://teichlab.github.io/scg_lib_structs/methods_html/STRT-seq_family.html	http://www.nature.com/nmeth/journal/v11/n2/full/nmeth.2772.html	STRT-seq-C1	10.1038/nmeth.2772	24363023		Quantitative single-cell RNA-seq with unique molecular identifiers	Nature Methods	2013	strt-seq-family__10.1101+gr.110882.110	no			
scg_lib_structs	Gene expression	STRT-seq family	STRT-seq; STRT-seq-C1; STRT-seq-2i	yes	primary	https://teichlab.github.io/scg_lib_structs/methods_html/STRT-seq_family.html	http://www.biorxiv.org/content/early/2017/04/20/126268	STRT-seq-2i	10.1101/126268			STRT-seq-2i: dual-index 5′ single cell and nucleus RNA-seq on an addressable microwell array	bioRxiv	2017	strt-seq-family__10.1101+gr.110882.110	no			
scg_lib_structs	Gene expression	sci-RNA-seq family	sci-RNA-seq; sci-RNA-seq3	yes	primary	https://teichlab.github.io/scg_lib_structs/methods_html/sci-RNA-seq_family.html	http://science.sciencemag.org/content/357/6352/661	sci-RNA-seq	10.1126/science.aam8940	28818938	PMC5894354	Comprehensive single-cell transcriptional profiling of a multicellular organism	Science	2017	sci-rna-seq-family__10.1126+science.aam8940	yes	sci-rna-seq__10.1126+science.aam8940	documented	Two-level combinatorial indexing by barcoded in-situ RT and indexed PCR.
scg_lib_structs	Gene expression	sci-RNA-seq family	sci-RNA-seq; sci-RNA-seq3	yes	primary	https://teichlab.github.io/scg_lib_structs/methods_html/sci-RNA-seq_family.html	https://www.nature.com/articles/s41586-019-0969-x	sci-RNA-seq3	10.1038/s41586-019-0969-x	30787437	PMC6434952	The single-cell transcriptional landscape of mammalian organogenesis	Nature	2019	sci-rna-seq-family__10.1126+science.aam8940	no	sci-rna-seq3__10.1038+s41586-019-0969-x	documented	Three-level combinatorial indexing with a ligated hairpin barcode between RT and PCR.
scg_lib_structs	Gene expression	Quartz-seq family	Quartz-seq; Quartz-seq2	yes	primary	https://teichlab.github.io/scg_lib_structs/methods_html/Quartz-seq_family.html	https://genomebiology.biomedcentral.com/articles/10.1186/gb-2013-14-4-r31	Quartz-seq	10.1186/gb-2013-14-4-r31	23594475	PMC4054835	Quartz-Seq: a highly reproducible and sensitive single-cell RNA sequencing method, reveals non-genetic gene-expression heterogeneity	Genome Biology	2013	quartz-seq-family__10.1186+gb-2013-14-4-r31	yes	quartz-seq__10.1186+gb-2013-14-4-r31	documented	Poly(A)-tailing whole-transcript amplification followed by a TruSeq ligation library.
scg_lib_structs	Gene expression	Quartz-seq family	Quartz-seq; Quartz-seq2	yes	cited	https://teichlab.github.io/scg_lib_structs/methods_html/Quartz-seq_family.html	http://www.nature.com/nmeth/journal/v7/n7/full/nmeth.1470.html	semi-suppressive PCR	10.1038/nmeth.1470	20543846	PMC2906222	Linking promoters to functional transcripts in small samples with nanoCAGE and CAGEscan	Nature Methods	2010	quartz-seq-family__10.1186+gb-2013-14-4-r31	no			
scg_lib_structs	Gene expression	Quartz-seq family	Quartz-seq; Quartz-seq2	yes	primary	https://teichlab.github.io/scg_lib_structs/methods_html/Quartz-seq_family.html	https://genomebiology.biomedcentral.com/articles/10.1186/s13059-018-1407-3	Quartz-seq2	10.1186/s13059-018-1407-3	29523163	PMC5845169	Quartz-Seq2: a high-throughput single-cell RNA-sequencing method that effectively uses limited sequence reads	Genome Biology	2018	quartz-seq-family__10.1186+gb-2013-14-4-r31	no	quartz-seq2__10.1186+s13059-018-1407-3	documented	Cell-barcoded, UMI-tagged Quartz WTA with selective 3-prime library amplification.
scg_lib_structs	Gene expression	CEL-seq family	CEL-seq; CEL-seq2	yes	primary	https://teichlab.github.io/scg_lib_structs/methods_html/CEL-seq_family.html	http://www.cell.com/cell-reports/abstract/S2211-1247(12)00228-8	CEL-seq	10.1016/j.celrep.2012.08.003	22939981		CEL-Seq: Single-Cell RNA-Seq by Multiplexed Linear Amplification	Cell Reports	2012	cel-seq-family__10.1016+j.celrep.2012.08.003	yes	cel-seq__10.1016+j.celrep.2012.08.003	documented	Original barcoded T7-amplified 3' RNA-seq workflow, with unpublished Small-RNA-kit arms left explicit.
scg_lib_structs	Gene expression	CEL-seq family	CEL-seq; CEL-seq2	yes	primary	https://teichlab.github.io/scg_lib_structs/methods_html/CEL-seq_family.html	https://genomebiology.biomedcentral.com/articles/10.1186/s13059-016-0938-8	CEL-seq2	10.1186/s13059-016-0938-8	27121950	PMC4848782	CEL-Seq2: sensitive highly-multiplexed single-cell RNA-Seq	Genome Biology	2016	cel-seq-family__10.1016+j.celrep.2012.08.003	no	cel-seq2__10.1186+s13059-016-0938-8	documented	UMI-bearing CEL-Seq2 workflow with random-hexamer library RT in place of RNA-adaptor ligation.
scg_lib_structs	Gene expression	10x Chromium Single Cell 3' FeatureBarcoding		yes	primary	https://teichlab.github.io/scg_lib_structs/methods_html/10xChromium3fb.html									10x-chromium-single-cell-3-featurebarcoding	yes			vendor/kit protocol: no defining publication
scg_lib_structs	Gene expression	10x Chromium Single Cell 3' FeatureBarcoding		yes	primary	https://teichlab.github.io/scg_lib_structs/methods_html/10xChromium3fb.html	https://www.nature.com/articles/nmeth.4380	CITE-seq	10.1038/nmeth.4380	28759029	PMC5669064	Simultaneous epitope and transcriptome measurement in single cells	Nature Methods	2017	10x-chromium-single-cell-3-featurebarcoding	no			vendor/kit protocol: no defining publication
scg_lib_structs	Gene expression	10x Chromium Single Cell 3' FeatureBarcoding		yes	primary	https://teichlab.github.io/scg_lib_structs/methods_html/10xChromium3fb.html	https://www.cell.com/molecular-cell/fulltext/S1097-2765(14)00751-5	Briner et al. 2014	10.1016/j.molcel.2014.09.019	25373540		Guide RNA Functional Modules Direct Cas9 Activity and Orthogonality	Molecular Cell	2014	10x-chromium-single-cell-3-featurebarcoding	no			vendor/kit protocol: no defining publication
scg_lib_structs	Gene expression	10x Chromium Single Cell 3' FeatureBarcoding		yes	primary	https://teichlab.github.io/scg_lib_structs/methods_html/10xChromium3fb.html	https://www.nature.com/articles/nmeth.3047	Sanjana et al., 2014	10.1038/nmeth.3047	25075903	PMC4486245	Improved vectors and genome-wide libraries for CRISPR screening	Nature Methods	2014	10x-chromium-single-cell-3-featurebarcoding	no			vendor/kit protocol: no defining publication
scg_lib_structs	Gene expression	10x Chromium Single Cell 3' FeatureBarcoding		yes	primary	https://teichlab.github.io/scg_lib_structs/methods_html/10xChromium3fb.html	https://www.nature.com/articles/nbt.2800	Koike-Yusa et al., 2014	10.1038/nbt.2800	24535568		Genome-wide recessive genetic screening in mammalian cells with a lentiviral CRISPR-guide RNA library	Nature Biotechnology	2013	10x-chromium-single-cell-3-featurebarcoding	no			vendor/kit protocol: no defining publication
scg_lib_structs	Gene expression	10x Chromium Single Cell 3' FeatureBarcoding		yes	primary	https://teichlab.github.io/scg_lib_structs/methods_html/10xChromium3fb.html	https://www.nature.com/articles/nmeth.4177	Datlinger et al., 2017	10.1038/nmeth.4177	28099430	PMC5334791	Pooled CRISPR screening with single-cell transcriptome readout	Nature Methods	2017	10x-chromium-single-cell-3-featurebarcoding	no			vendor/kit protocol: no defining publication
scg_lib_structs	Gene expression	10x Chromium Single Cell 3' FeatureBarcoding		yes	primary	https://teichlab.github.io/scg_lib_structs/methods_html/10xChromium3fb.html	https://www.nature.com/articles/s41592-019-0392-0	here	10.1038/s41592-019-0392-0	31011186	PMC6557128	Multiplexed detection of proteins, transcriptomes, clonotypes and CRISPR perturbations in single cells	Nature Methods	2019	10x-chromium-single-cell-3-featurebarcoding	no			vendor/kit protocol: no defining publication
scg_lib_structs	Gene expression	10x Chromium Single Cell 3' FeatureBarcoding		yes	primary	https://teichlab.github.io/scg_lib_structs/methods_html/10xChromium3fb.html	https://www.nature.com/articles/s41588-021-00779-1	here	10.1038/s41588-021-00779-1	33649592	PMC8376399	Multimodal pooled Perturb-CITE-seq screens in patient models define mechanisms of cancer immune evasion	Nature Genetics	2021	10x-chromium-single-cell-3-featurebarcoding	no			vendor/kit protocol: no defining publication
scg_lib_structs	Gene expression	10x Chromium Single Cell 3' GE V2 - V4		yes	primary	https://teichlab.github.io/scg_lib_structs/methods_html/10xChromium3.html	https://www.nature.com/articles/ncomms14049	Zheng et al., 2017 in Nature Communications	10.1038/ncomms14049	28091601	PMC5241818	Massively parallel digital transcriptional profiling of single cells	Nature Communications	2017	10x-chromium-single-cell-3-ge-v2-v4__10.1038+ncomms14049	yes			
scg_lib_structs	Gene expression	10x Chromium Single Cell 3' GE V1		yes	primary	https://teichlab.github.io/scg_lib_structs/methods_html/10xChromium3v1.html	https://www.nature.com/articles/ncomms14049	Zheng et al., 2017 in Nature Communications	10.1038/ncomms14049	28091601	PMC5241818	Massively parallel digital transcriptional profiling of single cells	Nature Communications	2017	10x-chromium-single-cell-3-ge-v1__10.1038+ncomms14049	yes	10x-chromium-single-cell-3-ge-v1__10.1038+ncomms14049	documented	Paper/manual-supported v1 architecture and read layout; unprinted oligo sequences remain visibly inferred.
scg_lib_structs	Gene expression	10x Chromium Single Cell 5' VDJ		yes	primary	https://teichlab.github.io/scg_lib_structs/methods_html/10xChromium5vdjfb.html									10x-chromium-single-cell-5-vdj	yes			vendor/kit protocol: no defining publication
scg_lib_structs	Gene expression	10x Chromium Single Cell 5' GE		yes	primary	https://teichlab.github.io/scg_lib_structs/methods_html/10xChromium5.html									10x-chromium-single-cell-5-ge	yes			vendor/kit protocol: no defining publication
scg_lib_structs	Gene expression	ddSEQ Single-Cell 3' RNA-Seq		yes	cited	https://teichlab.github.io/scg_lib_structs/methods_html/ddSEQ_3pRNA.html	http://www.nature.com/nmeth/journal/v7/n7/full/nmeth.1470.html	semi-suppressiev PCR	10.1038/nmeth.1470	20543846	PMC2906222	Linking promoters to functional transcripts in small samples with nanoCAGE and CAGEscan	Nature Methods	2010	ddseq-single-cell-3-rna-seq__10.1038+nmeth.1470	no			
scg_lib_structs	Gene expression	SureCell 3' WTA for ddSEQ		yes	primary	https://teichlab.github.io/scg_lib_structs/methods_html/SureCell.html									surecell-3-wta-for-ddseq	yes	surecell-3-wta-for-ddseq	documented	vendor/kit protocol: no defining publication
scg_lib_structs	Gene expression	MARS-seq / MARS-seq2.0		yes	primary	https://teichlab.github.io/scg_lib_structs/methods_html/MARS-seq.html	http://science.sciencemag.org/content/343/6172/776	MARS-seq	10.1126/science.1247651	24531970	PMC4412462	Massively Parallel Single-Cell RNA-Seq for Marker-Free Decomposition of Tissues into Cell Types	Science	2014	mars-seq-mars-seq2-0__10.1126+science.1247651	yes	mars-seq__10.1126+science.1247651	documented	Original three-level barcoded MARS-seq workflow; unavailable 2014 oligos remain explicit boundaries.
scg_lib_structs	Gene expression	MARS-seq / MARS-seq2.0		yes	primary	https://teichlab.github.io/scg_lib_structs/methods_html/MARS-seq.html	https://www.nature.com/articles/s41596-019-0164-4	MARS-seq2.0	10.1038/s41596-019-0164-4	31101904		MARS-seq2.0: an experimental and analytical pipeline for indexed sorting combined with single-cell RNA sequencing	Nature Protocols	2019	mars-seq-mars-seq2-0__10.1126+science.1247651	no	mars-seq2-0__10.1038+s41596-019-0164-4	documented	MARS-seq2.0 RT1, pool-adapter ligation, T7 amplification and dual-read barcode layout.
scg_lib_structs	Gene expression	SCRB-seq / mcSCRB-seq		yes	primary	https://teichlab.github.io/scg_lib_structs/methods_html/SCRB-seq.html	https://www.biorxiv.org/content/early/2014/03/05/003236	SCRB-seq	10.1101/003236			Characterization of directed differentiation by high-throughput single-cell RNA-Seq	bioRxiv	2014	scrb-seq-mcscrb-seq__10.1101+003236	yes	scrb-seq__10.1101+003236	documented	Plate-barcoded, UMI-tagged reverse transcription followed by pooled WTA and selective 3-prime library amplification.
scg_lib_structs	Gene expression	SCRB-seq / mcSCRB-seq		yes	primary	https://teichlab.github.io/scg_lib_structs/methods_html/SCRB-seq.html	https://www.biorxiv.org/content/early/2017/10/18/188367	mcSCRB-seq	10.1101/188367			mcSCRB-seq: sensitive and powerful single-cell RNA sequencing	bioRxiv	2017	scrb-seq-mcscrb-seq__10.1101+003236	no			
scg_lib_structs	Gene expression	SCRB-seq / mcSCRB-seq		yes	cited	https://teichlab.github.io/scg_lib_structs/methods_html/SCRB-seq.html	http://www.nature.com/nmeth/journal/v7/n7/full/nmeth.1470.html	( i.e. semi-suppressive PCR )	10.1038/nmeth.1470	20543846	PMC2906222	Linking promoters to functional transcripts in small samples with nanoCAGE and CAGEscan	Nature Methods	2010	scrb-seq-mcscrb-seq__10.1101+003236	no			
scg_lib_structs	Gene expression	SPLiT-seq / microSPLiT		yes	primary	https://teichlab.github.io/scg_lib_structs/methods_html/SPLiT-seq.html	https://www.science.org/doi/10.1126/science.aam8999	Science 360, 176-182 (2018)	10.1126/science.aam8999	29545511	PMC7643870	Single-cell profiling of the developing mouse brain and spinal cord with split-pool barcoding	Science	2018	split-seq-microsplit__10.1126+science.aam8999	yes	split-seq__10.1126+science.aam8999	documented	Published split-pool RT and two-ligation barcode architecture; unavailable oligo supplement remains explicit.
scg_lib_structs	Gene expression	SPLiT-seq / microSPLiT		yes	primary	https://teichlab.github.io/scg_lib_structs/methods_html/SPLiT-seq.html	https://www.science.org/doi/10.1126/science.aba5257	microSPLiT	10.1126/science.aba5257	33335020	PMC8269303	Microbial single-cell RNA sequencing by split-pool barcoding	Science	2021	split-seq-microsplit__10.1126+science.aam8999	no	microsplit__10.1126+science.aba5257	documented	Bacterial split-pool RNA barcoding with primary-source preprint oligos and published read layout.
scg_lib_structs	Gene expression	Drop-seq / Seq-Well		yes	primary	https://teichlab.github.io/scg_lib_structs/methods_html/Drop-seq.html	http://www.cell.com/abstract/S0092-8674(15)00549-8	Drop-seq	10.1016/j.cell.2015.05.002	26000488	PMC4481139	Highly Parallel Genome-wide Expression Profiling of Individual Cells Using Nanoliter Droplets	Cell	2015	drop-seq-seq-well__10.1016+j.cell.2015.05.002	yes	drop-seq__10.1016+j.cell.2015.05.002	documented	Droplet capture on barcoded beads followed by template-switch WTA and selective 3-prime Nextera library PCR.
scg_lib_structs	Gene expression	Drop-seq / Seq-Well		yes	primary	https://teichlab.github.io/scg_lib_structs/methods_html/Drop-seq.html	https://www.nature.com/nmeth/journal/v14/n4/full/nmeth.4179.html	Seq-Well	10.1038/nmeth.4179	28192419	PMC5376227	Seq-Well: portable, low-cost RNA sequencing of single cells at high throughput	Nature Methods	2017	drop-seq-seq-well__10.1016+j.cell.2015.05.002	no	seq-well__10.1038+nmeth.4179	documented	Microwell capture on barcoded beads followed by template-switch WTA and selective 3-prime Nextera library PCR.
scg_lib_structs	Gene expression	Drop-seq / Seq-Well		yes	cited	https://teichlab.github.io/scg_lib_structs/methods_html/Drop-seq.html	http://www.nature.com/nmeth/journal/v7/n7/full/nmeth.1470.html	( i.e. semi-suppressive PCR )	10.1038/nmeth.1470	20543846	PMC2906222	Linking promoters to functional transcripts in small samples with nanoCAGE and CAGEscan	Nature Methods	2010	drop-seq-seq-well__10.1016+j.cell.2015.05.002	no			
scg_lib_structs	Gene expression	scifi-RNA-seq		yes	primary	https://teichlab.github.io/scg_lib_structs/methods_html/scifi-RNA-seq.html	https://www.nature.com/articles/s41592-021-01153-z	scifi-RNA-seq	10.1038/s41592-021-01153-z	34059827	PMC7612019	Ultra-high-throughput single-cell RNA sequencing and perturbation screening with combinatorial fluidic indexing	Nature Methods	2021	scifi-rna-seq__10.1101+2019.12.17.879304	no	scifi-rna-seq__10.1101+2019.12.17.879304	documented	Plate RT pre-indexing, bridge-templated bead-barcode ligation, bulk template switching and bead-end-selective i7-only tagmentation.
scg_lib_structs	Gene expression	scifi-RNA-seq		yes	primary	https://teichlab.github.io/scg_lib_structs/methods_html/scifi-RNA-seq.html	https://www.biorxiv.org/content/10.1101/2019.12.17.879304v1	manuscript	10.1101/2019.12.17.879304			Ultra-high throughput single-cell RNA sequencing by combinatorial fluidic indexing	bioRxiv	2019	scifi-rna-seq__10.1101+2019.12.17.879304	yes	scifi-rna-seq__10.1101+2019.12.17.879304	documented	Plate RT pre-indexing, bridge-templated bead-barcode ligation, bulk template switching and bead-end-selective i7-only tagmentation.
scg_lib_structs	Gene expression	Microwell-seq		yes	primary	https://teichlab.github.io/scg_lib_structs/methods_html/Microwell-seq.html	https://www.cell.com/cell/abstract/S0092-8674(18)30116-8	Microwell-seq	10.1016/j.cell.2018.02.001	29474909		Mapping the Mouse Cell Atlas by Microwell-Seq	Cell	2018	microwell-seq__10.1016+j.cell.2018.02.001	yes	microwell-seq__10.1016+j.cell.2018.02.001	documented	Three-round split-pool bead synthesis, template-switch WTA and a visibly inferred symmetric-s7 tagmentation boundary.
scg_lib_structs	Gene expression	Microwell-seq		yes	cited	https://teichlab.github.io/scg_lib_structs/methods_html/Microwell-seq.html	http://www.nature.com/nmeth/journal/v7/n7/full/nmeth.1470.html	semi-suppressive PCR	10.1038/nmeth.1470	20543846	PMC2906222	Linking promoters to functional transcripts in small samples with nanoCAGE and CAGEscan	Nature Methods	2010	microwell-seq__10.1016+j.cell.2018.02.001	no	microwell-seq__10.1016+j.cell.2018.02.001	documented	Three-round split-pool bead synthesis, template-switch WTA and a visibly inferred symmetric-s7 tagmentation boundary.
scg_lib_structs	Gene expression	BD Rhapsody		yes	primary	https://teichlab.github.io/scg_lib_structs/methods_html/BD_Rhapsody.html	https://www.nature.com/articles/s41592-018-0255-0	BD Rhapsody WTA	10.1038/s41592-018-0255-0	30573846	PMC6677388	Reliability of human cortical organoid generation	Nature Methods	2018	bd-rhapsody__10.1038+s41592-018-0255-0	yes	bd-rhapsody__10.1038+s41592-018-0255-0	documented	BD WTA random-primer-extension workflow with proprietary bead and PCR arms left explicit.
scg_lib_structs	Gene expression	HyDrop-RNA		yes	primary	https://teichlab.github.io/scg_lib_structs/methods_html/HyDrop_RNA.html	https://elifesciences.org/articles/73971	HyDrop-RNA	10.7554/eLife.73971	35195064	PMC8993220	Hydrop enables droplet-based single-cell ATAC-seq and single-cell RNA-seq using dissolvable hydrogel beads	eLife	2022	hydrop-rna__10.7554+eLife.73971	yes	hydrop-rna__10.7554+eLife.73971	documented	Dissolvable split-pool-barcoded hydrogel beads, template switching, selective NEBNext library PCR and a 58-cycle barcode read.
scg_lib_structs	Gene expression	HyDrop-RNA		yes	primary	https://teichlab.github.io/scg_lib_structs/methods_html/HyDrop_RNA.html	https://dx.doi.org/10.17504/protocols.io.b4xwqxpe	protocols.io	10.17504/protocols.io.b4xwqxpe			HyDrop-RNA v1.0 v2		2022	hydrop-rna__10.7554+eLife.73971	no	hydrop-rna__10.7554+eLife.73971	documented	Dissolvable split-pool-barcoded hydrogel beads, template switching, selective NEBNext library PCR and a 58-cycle barcode read.
scg_lib_structs	Gene expression	HyDrop-RNA		yes	cited	https://teichlab.github.io/scg_lib_structs/methods_html/HyDrop_RNA.html	http://www.nature.com/nmeth/journal/v7/n7/full/nmeth.1470.html	( i.e. semi-suppressive PCR )	10.1038/nmeth.1470	20543846	PMC2906222	Linking promoters to functional transcripts in small samples with nanoCAGE and CAGEscan	Nature Methods	2010	hydrop-rna__10.7554+eLife.73971	no	hydrop-rna__10.7554+eLife.73971	documented	Dissolvable split-pool-barcoded hydrogel beads, template switching, selective NEBNext library PCR and a 58-cycle barcode read.
scg_lib_structs	Gene expression	Seq-Well S3		yes	primary	https://teichlab.github.io/scg_lib_structs/methods_html/SeqWell_S3.html	https://www.sciencedirect.com/science/article/pii/S107476132030409X	Seq-Well S 3	10.1016/j.immuni.2020.09.015	33053333	PMC7562821	Second-Strand Synthesis-Based Massively Parallel scRNA-Seq Reveals Cellular States and Molecular Features of Human Inflammatory Skin Pathologies	Immunity	2020	seq-well-s3__10.1016+j.immuni.2020.09.015	yes	seq-well-s3__10.1016+j.immuni.2020.09.015	documented	Seq-Well bead capture with NaOH stripping, random-primer second-strand synthesis, SMART WTA and bead-end-selective tagmentation.
scg_lib_structs	Gene expression	Seq-Well S3		yes	cited	https://teichlab.github.io/scg_lib_structs/methods_html/SeqWell_S3.html	http://www.nature.com/nmeth/journal/v7/n7/full/nmeth.1470.html	( i.e. semi-suppressive PCR ):	10.1038/nmeth.1470	20543846	PMC2906222	Linking promoters to functional transcripts in small samples with nanoCAGE and CAGEscan	Nature Methods	2010	seq-well-s3__10.1016+j.immuni.2020.09.015	no	seq-well-s3__10.1016+j.immuni.2020.09.015	documented	Seq-Well bead capture with NaOH stripping, random-primer second-strand synthesis, SMART WTA and bead-end-selective tagmentation.
scg_lib_structs	Gene expression	Tang 2009		yes	primary	https://teichlab.github.io/scg_lib_structs/methods_html/tang2009.html	https://www.nature.com/articles/nmeth.1315	Tang 2009	10.1038/nmeth.1315	19349980		mRNA-Seq whole-transcriptome analysis of a single cell	Nature Methods	2009	tang-2009__10.1038+nmeth.1315	yes	tang-2009__10.1038+nmeth.1315	documented	Schematic of the defining unbarcoded 2009 workflow; the 2010 barcoded extension is linked separately.
scg_lib_structs	Gene expression	Tang 2009		yes	primary	https://teichlab.github.io/scg_lib_structs/methods_html/tang2009.html	https://www.nature.com/articles/nprot.2009.236	Nature Protocols, 5, 516-535	10.1038/nprot.2009.236	20203668	PMC3847604	RNA-Seq analysis to capture the transcriptome landscape of a single cell	Nature Protocols	2010	tang-2009__10.1038+nmeth.1315	no	tang-2009__10.1038+nmeth.1315	documented	Schematic of the defining unbarcoded 2009 workflow; the 2010 barcoded extension is linked separately.
scg_lib_structs	Gene expression	PETRI-seq		yes	primary	https://teichlab.github.io/scg_lib_structs/methods_html/PETRI-seq.html	https://www.nature.com/articles/s41564-020-0729-6	PETRI-seq	10.1038/s41564-020-0729-6	32451472	PMC8330242	Prokaryotic single-cell RNA sequencing by in situ combinatorial indexing	Nature Microbiology	2020	petri-seq__10.1038+s41564-020-0729-6	yes	petri-seq__10.1038+s41564-020-0729-6	documented	Bacterial random-hexamer RT followed by two split-pool ligations, second-strand synthesis and mixed TruSeq/Nextera readout.
scg_lib_structs	Gene expression	VASA-seq		yes	primary	https://teichlab.github.io/scg_lib_structs/methods_html/VASA-seq.html	https://www.nature.com/articles/s41587-022-01361-8	Nat Biotechnol. 2022	10.1038/s41587-022-01361-8	35760914	PMC9750877	High-throughput total RNA sequencing in single cells using VASA-seq	Nature Biotechnology	2022	vasa-seq__10.1038+s41587-022-01361-8	yes	vasa-seq__10.1038+s41587-022-01361-8	documented	Fragmentation and poly(A)-tailing total-RNA workflow with VASA-plate and VASA-drop library branches.
scg_lib_structs	Gene expression	FIPRESCI		yes	primary	https://teichlab.github.io/scg_lib_structs/methods_html/FIPRESCI.html	https://doi.org/10.1186/s13059-023-02893-1	FIPRESCI	10.1186/s13059-023-02893-1	37024957	PMC10078054	FIPRESCI: droplet microfluidics based combinatorial indexing for massive-scale 5′-end single-cell RNA sequencing	Genome Biology	2023	fipresci__10.1186+s13059-023-02893-1	yes	fipresci__10.1186+s13059-023-02893-1	documented	Plate-indexed RNA/cDNA-hybrid tagmentation followed by overloaded 10x 5-prime droplet barcoding and paired-end readout.
scg_lib_structs	Gene expression	PIP-seq		yes	primary	https://teichlab.github.io/scg_lib_structs/methods_html/PIP-seq.html	https://www.nature.com/articles/s41587-023-01685-z	PIP-seq	10.1038/s41587-023-01685-z	36879006	PMC10635830	Microfluidics-free single-cell genomics with templated emulsification	Nature Biotechnology	2023	pip-seq__10.1038+s41587-023-01685-z	yes	pip-seq__10.1038+s41587-023-01685-z	documented	Paper-described particle-templated bead capture, bulk template switching and bead-end-selective Nextera library; unpublished barcode blocks remain explicit.
scg_lib_structs	Gene expression	PIP-seq		yes	primary	https://teichlab.github.io/scg_lib_structs/methods_html/PIP-seq.html	https://www.nature.com/articles/s41598-021-90255-x	Modular barcode beads for microfluidic single cell genomics [Delley2021].	10.1038/s41598-021-90255-x	34035349	PMC8149635	Modular barcode beads for microfluidic single cell genomics	Scientific Reports	2021	pip-seq__10.1038+s41587-023-01685-z	no	pip-seq__10.1038+s41587-023-01685-z	documented	Paper-described particle-templated bead capture, bulk template switching and bead-end-selective Nextera library; unpublished barcode blocks remain explicit.
scg_lib_structs	Gene expression	PIP-seq		yes	cited	https://teichlab.github.io/scg_lib_structs/methods_html/PIP-seq.html	http://www.nature.com/nmeth/journal/v7/n7/full/nmeth.1470.html	single-primer semi-suppressive PCR	10.1038/nmeth.1470	20543846	PMC2906222	Linking promoters to functional transcripts in small samples with nanoCAGE and CAGEscan	Nature Methods	2010	pip-seq__10.1038+s41587-023-01685-z	no	pip-seq__10.1038+s41587-023-01685-z	documented	Paper-described particle-templated bead capture, bulk template switching and bead-end-selective Nextera library; unpublished barcode blocks remain explicit.
scg_lib_structs	Gene expression	inDrop		yes	primary	https://teichlab.github.io/scg_lib_structs/methods_html/inDrop.html	https://www.nature.com/articles/nprot.2016.154	Nature Protocols 12, 44-73 (2017)	10.1038/nprot.2016.154	27929523		Single-cell barcoding and sequencing using droplet microfluidics	Nature Protocols	2016	indrop__10.1016+j.cell.2015.04.044	no			
scg_lib_structs	Gene expression	inDrop		yes	primary	https://teichlab.github.io/scg_lib_structs/methods_html/inDrop.html	http://www.cell.com/cell/abstract/S0092-8674(15)00500-0	inDrop V1	10.1016/j.cell.2015.04.044	26000487	PMC4441768	Droplet Barcoding for Single-Cell Transcriptomics Applied to Embryonic Stem Cells	Cell	2015	indrop__10.1016+j.cell.2015.04.044	yes	indrop-v1__10.1016+j.cell.2015.04.044	documented	Photo-released bead barcodes, droplet RT, T7 linear amplification and ligation-based v1 library conversion.
scg_lib_structs	Chromatin accessibility and protein-DNA interactions	sci-ATAC-seq family	sci-ATAC-seq; sci-ATAC-seq3	yes	primary	https://teichlab.github.io/scg_lib_structs/methods_html/sci-ATAC-seq_family.html	http://science.sciencemag.org/content/348/6237/910	sci-ATAC-seq	10.1126/science.aab1601	25953818	PMC4836442	Multiplex single-cell profiling of chromatin accessibility by combinatorial cellular indexing	Science	2015	sci-atac-seq-family__10.1126+science.aab1601	yes	sci-atac-seq__10.1126+science.aab1601	documented	Original two-level sci-ATAC-seq; combined research provenance for later variants remains with this protocol.
scg_lib_structs	Chromatin accessibility and protein-DNA interactions	sci-ATAC-seq family	sci-ATAC-seq; sci-ATAC-seq3	yes	primary	https://teichlab.github.io/scg_lib_structs/methods_html/sci-ATAC-seq_family.html	https://www.nature.com/articles/nature25981	Cusanovich et al. , 2018	10.1038/nature25981	29539636	PMC5866720	The cis-regulatory dynamics of embryonic development at single-cell resolution	Nature	2018	sci-atac-seq-family__10.1126+science.aab1601	no			
scg_lib_structs	Chromatin accessibility and protein-DNA interactions	sci-ATAC-seq family	sci-ATAC-seq; sci-ATAC-seq3	yes	primary	https://teichlab.github.io/scg_lib_structs/methods_html/sci-ATAC-seq_family.html	https://www.nature.com/articles/ng.3119	Amini et al. , 2014	10.1038/ng.3119	25326703	PMC4409979	Haplotype-resolved whole-genome sequencing by contiguity-preserving transposition and combinatorial indexing	Nature Genetics	2014	sci-atac-seq-family__10.1126+science.aab1601	no			
scg_lib_structs	Chromatin accessibility and protein-DNA interactions	sci-ATAC-seq family	sci-ATAC-seq; sci-ATAC-seq3	yes	cited	https://teichlab.github.io/scg_lib_structs/methods_html/sci-ATAC-seq_family.html	http://www.nature.com/nmeth/journal/v7/n7/full/nmeth.1470.html	semi-suppressive PCR	10.1038/nmeth.1470	20543846	PMC2906222	Linking promoters to functional transcripts in small samples with nanoCAGE and CAGEscan	Nature Methods	2010	sci-atac-seq-family__10.1126+science.aab1601	no			
scg_lib_structs	Chromatin accessibility and protein-DNA interactions	sci-ATAC-seq family	sci-ATAC-seq; sci-ATAC-seq3	yes	primary	https://teichlab.github.io/scg_lib_structs/methods_html/sci-ATAC-seq_family.html	https://www.science.org/doi/10.1126/science.aba7612	sci-ATAC-seq3	10.1126/science.aba7612	33184180	PMC7785298	A human cell atlas of fetal chromatin accessibility	Science	2020	sci-atac-seq-family__10.1126+science.aab1601	no	sci-atac-seq3__10.1126+science.aba7612	documented	Three-level N5/N7 splint-ligation protocol from Domcke et al. 2020; unavailable Table S7 oligo regions are marked inferred.
scg_lib_structs	Chromatin accessibility and protein-DNA interactions	Plate_scATAC-seq and Pi-ATAC-seq		yes	primary	https://teichlab.github.io/scg_lib_structs/methods_html/plate_and_piATAC-seq.html	https://www.nature.com/articles/s41467-018-07771-0	plate_scATAC-seq	10.1038/s41467-018-07771-0	30559361	PMC6297232	A rapid and robust method for single cell chromatin accessibility profiling	Nature Communications	2018	plate-scatac-seq-and-pi-atac-seq__10.1038+s41467-018-07771-0	yes	plate-scatac-seq__10.1038+s41467-018-07771-0	documented	Bulk tagmentation followed by single-nucleus sorting and per-well Nextera index PCR.
scg_lib_structs	Chromatin accessibility and protein-DNA interactions	Plate_scATAC-seq and Pi-ATAC-seq		yes	primary	https://teichlab.github.io/scg_lib_structs/methods_html/plate_and_piATAC-seq.html	https://www.nature.com/articles/s41467-018-07115-y	Pi-ATAC-seq	10.1038/s41467-018-07115-y	30389926	PMC6214962	Joint single-cell DNA accessibility and protein epitope profiling reveals environmental regulation of epigenomic heterogeneity	Nature Communications	2018	plate-scatac-seq-and-pi-atac-seq__10.1038+s41467-018-07771-0	no	pi-atac-seq__10.1038+s41467-018-07115-y	documented	Protein-indexed FACS with bulk tagmentation and per-well ATAC library PCR.
scg_lib_structs	Chromatin accessibility and protein-DNA interactions	10x Chromium Single Cell ATAC		yes	primary	https://teichlab.github.io/scg_lib_structs/methods_html/10xChromium_scATAC.html									10x-chromium-single-cell-atac	yes	10x-chromium-single-cell-atac	documented	vendor/kit protocol: no defining publication
scg_lib_structs	Chromatin accessibility and protein-DNA interactions	10x Chromium Single Cell ATAC		yes	primary	https://teichlab.github.io/scg_lib_structs/methods_html/10xChromium_scATAC.html	https://www.nature.com/articles/ng.3119	Amini et al. , 2014	10.1038/ng.3119	25326703	PMC4409979	Haplotype-resolved whole-genome sequencing by contiguity-preserving transposition and combinatorial indexing	Nature Genetics	2014	10x-chromium-single-cell-atac	no	10x-chromium-single-cell-atac	documented	vendor/kit protocol: no defining publication
scg_lib_structs	Chromatin accessibility and protein-DNA interactions	10x Chromium Single Cell ATAC		yes	cited	https://teichlab.github.io/scg_lib_structs/methods_html/10xChromium_scATAC.html	http://www.nature.com/nmeth/journal/v7/n7/full/nmeth.1470.html	semi-suppressiev PCR	10.1038/nmeth.1470	20543846	PMC2906222	Linking promoters to functional transcripts in small samples with nanoCAGE and CAGEscan	Nature Methods	2010	10x-chromium-single-cell-atac	no	10x-chromium-single-cell-atac	documented	vendor/kit protocol: no defining publication
scg_lib_structs	Chromatin accessibility and protein-DNA interactions	dscATAC-seq/dsciATAC-seq		yes	primary	https://teichlab.github.io/scg_lib_structs/methods_html/dscATAC.html	https://www.nature.com/articles/s41587-019-0147-6	dscATAC-seq/dsciATAC-seq (ddSEQ scATAC-seq)	10.1038/s41587-019-0147-6	31235917	PMC10299900	Droplet-based combinatorial indexing for massive-scale single-cell chromatin accessibility	Nature Biotechnology	2019	dscatac-seq-dsciatac-seq__10.1038+s41587-019-0147-6	yes	dscatac-seq__10.1038+s41587-019-0147-6	documented	Bulk Tn5 tagmentation followed by three-block bead-barcode PCR in droplets and paired-end ATAC readout.
scg_lib_structs	Chromatin accessibility and protein-DNA interactions	dscATAC-seq/dsciATAC-seq		yes	cited	https://teichlab.github.io/scg_lib_structs/methods_html/dscATAC.html	http://www.nature.com/nmeth/journal/v7/n7/full/nmeth.1470.html	semi-suppressiev PCR	10.1038/nmeth.1470	20543846	PMC2906222	Linking promoters to functional transcripts in small samples with nanoCAGE and CAGEscan	Nature Methods	2010	dscatac-seq-dsciatac-seq__10.1038+s41587-019-0147-6	no	dscatac-seq__10.1038+s41587-019-0147-6	documented	Bulk Tn5 tagmentation followed by three-block bead-barcode PCR in droplets and paired-end ATAC readout.
scg_lib_structs	Chromatin accessibility and protein-DNA interactions	scDNase-seq/scMNase-seq		yes	primary	https://teichlab.github.io/scg_lib_structs/methods_html/scDNase_scMNase.html	https://www.nature.com/articles/nature15740	scDNase-seq	10.1038/nature15740	26605532	PMC4697938	Genome-wide detection of DNase I hypersensitive sites in single cells and FFPE tissue samples	Nature	2015	scdnase-seq-scmnase-seq__10.1038+nature15740	yes	scdnase-seq__10.1038+nature15740	documented	Single-cell DNase I digestion followed by inferred TruSeq-style ligation-library construction.
scg_lib_structs	Chromatin accessibility and protein-DNA interactions	scDNase-seq/scMNase-seq		yes	primary	https://teichlab.github.io/scg_lib_structs/methods_html/scDNase_scMNase.html	https://www.nature.com/articles/s41586-018-0567-3	scMNase-seq	10.1038/s41586-018-0567-3	30258225	PMC8353605	Principles of nucleosome organization revealed by single-cell micrococcal nuclease sequencing	Nature	2018	scdnase-seq-scmnase-seq__10.1038+nature15740	no	scmnase-seq__10.1038+s41586-018-0567-3	documented	Single-cell MNase digestion followed by inferred TruSeq-style ligation-library construction.
scg_lib_structs	Chromatin accessibility and protein-DNA interactions	scifi-ATAC-seq		yes	primary	https://teichlab.github.io/scg_lib_structs/methods_html/scifi-ATAC-seq.html	https://doi.org/10.1186/s13059-024-03235-5	scifi-ATAC-seq	10.1186/s13059-024-03235-5	38589969	PMC11003106	scifi-ATAC-seq: massive-scale single-cell chromatin accessibility sequencing using combinatorial fluidic indexing	Genome Biology	2024	scifi-atac-seq__10.1101+2023.09.17.558155	no	scifi-atac-seq__10.1101+2023.09.17.558155	documented	Two-sided plate-barcoded Tn5 followed by overloaded 10x scATAC v1.1 droplet barcoding and four custom sequencing primers.
scg_lib_structs	Chromatin accessibility and protein-DNA interactions	scifi-ATAC-seq		yes	primary	https://teichlab.github.io/scg_lib_structs/methods_html/scifi-ATAC-seq.html	https://www.biorxiv.org/content/10.1101/2023.09.17.558155v3	the preprint	10.1101/2023.09.17.558155	37786710	PMC10541611	Massive-scale single-cell chromatin accessibility sequencing using combinatorial fluidic indexing	bioRxiv	2023	scifi-atac-seq__10.1101+2023.09.17.558155	yes	scifi-atac-seq__10.1101+2023.09.17.558155	documented	Two-sided plate-barcoded Tn5 followed by overloaded 10x scATAC v1.1 droplet barcoding and four custom sequencing primers.
scg_lib_structs	Chromatin accessibility and protein-DNA interactions	scifi-ATAC-seq		yes	cited	https://teichlab.github.io/scg_lib_structs/methods_html/scifi-ATAC-seq.html	http://www.nature.com/nmeth/journal/v7/n7/full/nmeth.1470.html	semi-suppressiev PCR	10.1038/nmeth.1470	20543846	PMC2906222	Linking promoters to functional transcripts in small samples with nanoCAGE and CAGEscan	Nature Methods	2010	scifi-atac-seq__10.1101+2023.09.17.558155	no	scifi-atac-seq__10.1101+2023.09.17.558155	documented	Two-sided plate-barcoded Tn5 followed by overloaded 10x scATAC v1.1 droplet barcoding and four custom sequencing primers.
scg_lib_structs	Chromatin accessibility and protein-DNA interactions	txci-ATAC-seq		yes	primary	https://teichlab.github.io/scg_lib_structs/methods_html/txci-ATAC-seq.html	https://www.biorxiv.org/content/10.1101/2023.05.11.540245v1	txci-ATAC-seq	10.1101/2023.05.11.540245			txci-ATAC-seq, a massive-scale single-cell technique to profile chromatin accessibility	bioRxiv	2023	txci-atac-seq__10.1101+2023.05.11.540245	yes	txci-atac-seq__10.1101+2023.05.11.540245	documented	Diagram and research notes from the defining preprint and published paper.
scg_lib_structs	Chromatin accessibility and protein-DNA interactions	txci-ATAC-seq		yes	cited	https://teichlab.github.io/scg_lib_structs/methods_html/txci-ATAC-seq.html	http://www.nature.com/nmeth/journal/v7/n7/full/nmeth.1470.html	semi-suppressiev PCR	10.1038/nmeth.1470	20543846	PMC2906222	Linking promoters to functional transcripts in small samples with nanoCAGE and CAGEscan	Nature Methods	2010	txci-atac-seq__10.1101+2023.05.11.540245	no	txci-atac-seq__10.1101+2023.05.11.540245	documented	Diagram and research notes from the defining preprint and published paper.
scg_lib_structs	Chromatin accessibility and protein-DNA interactions	CH-ATAC-seq		yes	primary	https://teichlab.github.io/scg_lib_structs/methods_html/CH-ATAC-seq.html	https://doi.org/10.1016/j.devcel.2024.01.015	CH-ATAC-seq	10.1016/j.devcel.2024.01.015	38330939		Construction of single-cell cross-species chromatin accessibility landscapes with combinatorial-hybridization-based ATAC-seq	Developmental Cell	2024	ch-atac-seq__10.1016+j.devcel.2024.01.015	yes	ch-atac-seq__10.1016+j.devcel.2024.01.015	documented	Conservative inferred diagram plus research notes; defining oligo table remains unavailable.
scg_lib_structs	Chromatin accessibility and protein-DNA interactions	CH-ATAC-seq		yes	cited	https://teichlab.github.io/scg_lib_structs/methods_html/CH-ATAC-seq.html	http://www.nature.com/nmeth/journal/v7/n7/full/nmeth.1470.html	semi-suppressiev PCR	10.1038/nmeth.1470	20543846	PMC2906222	Linking promoters to functional transcripts in small samples with nanoCAGE and CAGEscan	Nature Methods	2010	ch-atac-seq__10.1016+j.devcel.2024.01.015	no	ch-atac-seq__10.1016+j.devcel.2024.01.015	documented	Conservative inferred diagram plus research notes; defining oligo table remains unavailable.
scg_lib_structs	Chromatin accessibility and protein-DNA interactions	HyDrop-ATAC		yes	primary	https://teichlab.github.io/scg_lib_structs/methods_html/HyDrop_ATAC.html	https://elifesciences.org/articles/73971	HyDrop-ATAC	10.7554/eLife.73971	35195064	PMC8993220	Hydrop enables droplet-based single-cell ATAC-seq and single-cell RNA-seq using dissolvable hydrogel beads	eLife	2022	hydrop-atac__10.7554+eLife.73971	yes	hydrop-atac__10.7554+eLife.73971	documented	Dissolvable split-pool-barcoded hydrogel beads for droplet scATAC-seq.
scg_lib_structs	Chromatin accessibility and protein-DNA interactions	HyDrop-ATAC		yes	primary	https://teichlab.github.io/scg_lib_structs/methods_html/HyDrop_ATAC.html	https://dx.doi.org/10.17504/protocols.io.b4xvqxn6	protocols.io	10.17504/protocols.io.b4xvqxn6			HyDrop-ATAC v1.0 v3		2022	hydrop-atac__10.7554+eLife.73971	no	hydrop-atac__10.7554+eLife.73971	documented	Dissolvable split-pool-barcoded hydrogel beads for droplet scATAC-seq.
scg_lib_structs	Chromatin accessibility and protein-DNA interactions	HyDrop-ATAC		yes	cited	https://teichlab.github.io/scg_lib_structs/methods_html/HyDrop_ATAC.html	http://www.nature.com/nmeth/journal/v7/n7/full/nmeth.1470.html	semi-suppressiev PCR	10.1038/nmeth.1470	20543846	PMC2906222	Linking promoters to functional transcripts in small samples with nanoCAGE and CAGEscan	Nature Methods	2010	hydrop-atac__10.7554+eLife.73971	no	hydrop-atac__10.7554+eLife.73971	documented	Dissolvable split-pool-barcoded hydrogel beads for droplet scATAC-seq.
scg_lib_structs	Chromatin accessibility and protein-DNA interactions	snATAC-seq		yes	primary	https://teichlab.github.io/scg_lib_structs/methods_html/snATAC-seq.html	https://www.nature.com/articles/s41593-018-0079-3	snATAC-seq	10.1038/s41593-018-0079-3	29434377	PMC5862073	Single-nucleus analysis of accessible chromatin in developing mouse forebrain reveals cell-type-specific transcriptional regulation	Nature Neuroscience	2018	snatac-seq__10.1038+s41593-018-0079-3	yes	snatac-seq__10.1038+s41593-018-0079-3	documented	Two-level combinatorial ATAC schematic from the defining paper and its Supplementary Table 5 oligos.
scg_lib_structs	Chromatin accessibility and protein-DNA interactions	snATAC-seq		yes	primary	https://teichlab.github.io/scg_lib_structs/methods_html/snATAC-seq.html	http://science.sciencemag.org/content/348/6237/910	sci-ATAC-seq	10.1126/science.aab1601	25953818	PMC4836442	Multiplex single-cell profiling of chromatin accessibility by combinatorial cellular indexing	Science	2015	snatac-seq__10.1038+s41593-018-0079-3	no	snatac-seq__10.1038+s41593-018-0079-3	documented	Two-level combinatorial ATAC schematic from the defining paper and its Supplementary Table 5 oligos.
scg_lib_structs	Chromatin accessibility and protein-DNA interactions	scTHS-seq		yes	primary	https://teichlab.github.io/scg_lib_structs/methods_html/scTHS-seq.html	https://www.nature.com/articles/nbt.4038	scTHS-seq	10.1038/nbt.4038	29227469	PMC5951394	Integrative single-cell analysis of transcriptional and epigenetic states in the human adult brain	Nature Biotechnology	2017	scths-seq__10.1038+nbt.4038	yes	scths-seq__10.1038+nbt.4038	documented	Barcoded T7/s5 tagmentation, per-insertion IVT, connector-primed dsDNA and s7-only second tagmentation with single-end readout.
scg_lib_structs	Chromatin accessibility and protein-DNA interactions	scTHS-seq		yes	primary	https://teichlab.github.io/scg_lib_structs/methods_html/scTHS-seq.html	https://genomebiology.biomedcentral.com/articles/10.1186/s13059-016-0882-7	Sos et al.	10.1186/s13059-016-0882-7	26846207	PMC4743176	Characterization of chromatin accessibility with a transposome hypersensitive sites sequencing (THS-seq) assay	Genome Biology	2016	scths-seq__10.1038+nbt.4038	no	scths-seq__10.1038+nbt.4038	documented	Barcoded T7/s5 tagmentation, per-insertion IVT, connector-primed dsDNA and s7-only second tagmentation with single-end readout.
scg_lib_structs	Chromatin accessibility and protein-DNA interactions	itChIP-seq		yes	primary	https://teichlab.github.io/scg_lib_structs/methods_html/itChIP-seq.html	https://doi.org/10.1038/s41556-019-0383-5	itChIP-seq	10.1038/s41556-019-0383-5	31481796		Profiling chromatin states using single-cell itChIP-seq	Nature Cell Biology	2019	itchip-seq__10.1038+s41556-019-0383-5	yes	itchip-seq__10.1038+s41556-019-0383-5	documented	Custom-Nextera itChIP-seq schematic from the defining paper's supplementary oligo table.
scg_lib_structs	Chromatin accessibility and protein-DNA interactions	itChIP-seq		yes	primary	https://teichlab.github.io/scg_lib_structs/methods_html/itChIP-seq.html	https://protocolexchange.researchsquare.com/article/pex-555/v1	Protocol Exchange							itchip-seq__10.1038+s41556-019-0383-5	no	itchip-seq__10.1038+s41556-019-0383-5	documented	DOI unconfirmed by Crossref/NCBI, dropped: 10.21203/rs.3.pex-555/v1
scg_lib_structs	Chromatin accessibility and protein-DNA interactions	itChIP-seq		yes	cited	https://teichlab.github.io/scg_lib_structs/methods_html/itChIP-seq.html	http://www.nature.com/nmeth/journal/v7/n7/full/nmeth.1470.html	semi-suppressive PCR	10.1038/nmeth.1470	20543846	PMC2906222	Linking promoters to functional transcripts in small samples with nanoCAGE and CAGEscan	Nature Methods	2010	itchip-seq__10.1038+s41556-019-0383-5	no	itchip-seq__10.1038+s41556-019-0383-5	documented	Custom-Nextera itChIP-seq schematic from the defining paper's supplementary oligo table.
scg_lib_structs	Chromatin accessibility and protein-DNA interactions	Drop-ChIP		yes	primary	https://teichlab.github.io/scg_lib_structs/methods_html/Drop-ChIP.html	https://www.nature.com/articles/nbt.3383	Drop-ChIP	10.1038/nbt.3383	26458175	PMC4636926	Single-cell ChIP-seq reveals cell subpopulations defined by chromatin state	Nature Biotechnology	2015	drop-chip__10.1038+nbt.3383	yes	drop-chip__10.1038+nbt.3383	documented	Symmetric barcode-adaptor ligation, PacI and BciVI processing, SC-PCR and the published paired-end read layout.
scg_lib_structs	Chromatin accessibility and protein-DNA interactions	CoBATCH		yes	primary	https://teichlab.github.io/scg_lib_structs/methods_html/CoBATCH.html	https://www.sciencedirect.com/science/article/pii/S1097276519305453	CoBATCH	10.1016/j.molcel.2019.07.015	31471188		CoBATCH for High-Throughput Single-Cell Epigenomic Profiling	Molecular Cell	2019	cobatch__10.1016+j.molcel.2019.07.015	yes			
scg_lib_structs	Chromatin accessibility and protein-DNA interactions	CoBATCH		yes	primary	https://teichlab.github.io/scg_lib_structs/methods_html/CoBATCH.html	http://science.sciencemag.org/content/348/6237/910	sci-ATAC-seq	10.1126/science.aab1601	25953818	PMC4836442	Multiplex single-cell profiling of chromatin accessibility by combinatorial cellular indexing	Science	2015	cobatch__10.1016+j.molcel.2019.07.015	no			
scg_lib_structs	Chromatin accessibility and protein-DNA interactions	CoBATCH		yes	primary	https://teichlab.github.io/scg_lib_structs/methods_html/CoBATCH.html	https://www.nature.com/articles/s41467-019-09982-5	CUT&TAG	10.1038/s41467-019-09982-5	31036827	PMC6488672	CUT&Tag for efficient epigenomic profiling of small samples and single cells	Nature Communications	2019	cobatch__10.1016+j.molcel.2019.07.015	no			
scg_lib_structs	Chromatin accessibility and protein-DNA interactions	scDamID		yes	primary	https://teichlab.github.io/scg_lib_structs/methods_html/scDamID.html	https://www.sciencedirect.com/science/article/pii/S0092867415010922	scDamID	10.1016/j.cell.2015.08.040	26365489	PMC4583798	Genome-wide Maps of Nuclear Lamina Interactions in Single Human Cells	Cell	2015	scdamid__10.1016+j.cell.2015.08.040	yes	scdamid__10.1016+j.cell.2015.08.040	documented	DpnI-selected DamID adaptor ligation, single-primer amplification and single-end indexed readout; unavailable oligos remain visibly secondary-source.
scg_lib_structs	Chromatin accessibility and protein-DNA interactions	scDamID		yes	primary	https://teichlab.github.io/scg_lib_structs/methods_html/scDamID.html	https://www.nature.com/articles/nbt0400_424	Nature Biotechnology 18, 424–428	10.1038/74487			Identification of in vivo DNA targets of chromatin proteins using tethered Dam methyltransferase	Nature Biotechnology	2000	scdamid__10.1016+j.cell.2015.08.040	no	scdamid__10.1016+j.cell.2015.08.040	documented	DpnI-selected DamID adaptor ligation, single-primer amplification and single-end indexed readout; unavailable oligos remain visibly secondary-source.
scg_lib_structs	Chromatin accessibility and protein-DNA interactions	s3-ATAC		yes	primary	https://teichlab.github.io/scg_lib_structs/methods_html/s3-ATAC.html	https://www.nature.com/articles/s41587-021-00962-z	s3-ATAC	10.1038/s41587-021-00962-z	34226710	PMC8678206	High-content single-cell combinatorial indexing	Nature Biotechnology	2021	s3-atac__10.1038+s41587-021-00962-z	yes	s3-atac__10.1038+s41587-021-00962-z	documented	Symmetrical-strand combinatorial-indexed chromatin-accessibility library.
scg_lib_structs	Genomic DNA or DNA methylation	scBS-seq		yes	primary	https://teichlab.github.io/scg_lib_structs/methods_html/scBS-seq.html	https://www.nature.com/articles/nmeth.3035	scBS-seq	10.1038/nmeth.3035	25042786	PMC4117646	Single-cell genome-wide bisulfite sequencing for assessing epigenetic heterogeneity	Nature Methods	2014	scbs-seq__10.1038+nmeth.3035	yes	scbs-seq__10.1038+nmeth.3035	documented	Schematic and research notes from the defining paper; historical iPCRTag arm is explicitly marked secondary-source.
scg_lib_structs	Genomic DNA or DNA methylation	MALBAC		yes	primary	https://teichlab.github.io/scg_lib_structs/methods_html/MALBAC.html	https://science.sciencemag.org/content/338/6114/1622.full	MALBAC	10.1126/science.1229164	23258894	PMC3600412	Genome-Wide Detection of Single-Nucleotide and Copy-Number Variations of a Single Human Cell	Science	2012	malbac__10.1126+science.1229164	yes	malbac__10.1126+science.1229164	documented	Quasi-linear WGA schematic; the defining paper states handle lengths and architecture, while its unavailable supplement holds the exact primer bases.
scg_lib_structs	Genomic DNA or DNA methylation	s3-WGS		yes	primary	https://teichlab.github.io/scg_lib_structs/methods_html/s3-WGS.html	https://www.nature.com/articles/s41587-021-00962-z	s3-WGS	10.1038/s41587-021-00962-z	34226710	PMC8678206	High-content single-cell combinatorial indexing	Nature Biotechnology	2021	s3-wgs__10.1038+s41587-021-00962-z	yes	s3-wgs__10.1038+s41587-021-00962-z	documented	Symmetrical-strand combinatorial-indexed whole-genome sequencing.
scg_lib_structs	Genomic DNA or DNA methylation	scRRBS		yes	primary	https://teichlab.github.io/scg_lib_structs/methods_html/scRRBS.html	https://genome.cshlp.org/content/23/12/2126.long	scRRBS	10.1101/gr.161679.113	24179143	PMC3847781	Single-cell methylome landscapes of mouse embryonic stem cells and early embryos analyzed using reduced representation bisulfite sequencing	Genome Research	2013	scrrbs__10.1101+gr.161679.113	yes	scrrbs__10.1101+gr.161679.113	documented	MspI reduction, end repair, premethylated TruSeq adaptor ligation, bisulfite conversion and paired-end read layout.
scg_lib_structs	Genomic DNA or DNA methylation	scRRBS		yes	primary	https://teichlab.github.io/scg_lib_structs/methods_html/scRRBS.html	https://www.nature.com/articles/nprot.2015.039	Nature Protocols 10, 645-659	10.1038/nprot.2015.039	25837417		Profiling DNA methylome landscapes of mammalian cells with single-cell reduced-representation bisulfite sequencing	Nature Protocols	2015	scrrbs__10.1101+gr.161679.113	no	scrrbs__10.1101+gr.161679.113	documented	MspI reduction, end repair, premethylated TruSeq adaptor ligation, bisulfite conversion and paired-end read layout.
scg_lib_structs	Genomic DNA or DNA methylation	LIANTI		yes	primary	https://teichlab.github.io/scg_lib_structs/methods_html/LIANTI.html	https://www.science.org/doi/10.1126/science.aak9787	LIANTI	10.1126/science.aak9787	28408603	PMC5538131	Single-cell whole-genome analyses by Linear Amplification via Transposon Insertion (LIANTI)	Science	2017	lianti__10.1126+science.aak9787	yes	lianti__10.1126+science.aak9787	documented	Linear WGA schematic from the defining paper; exact LIANTI oligos are visibly marked as secondary-source because the supplement is unavailable.
scg_lib_structs	Multi-Omics	10x Chromium Single Cell Multiome ATAC + Gene Expression		yes	primary	https://teichlab.github.io/scg_lib_structs/methods_html/10xChromium_multiome.html									10x-chromium-single-cell-multiome-atac-gene-expression	yes	10x-chromium-single-cell-multiome-atac-gene-expression	documented	vendor/kit protocol: no defining publication
scg_lib_structs	Multi-Omics	scNOMe-seq/scCOOL-seq		yes	primary	https://teichlab.github.io/scg_lib_structs/methods_html/scNOMe_scCOOL.html	https://elifesciences.org/articles/23203	scNOMe-seq	10.7554/eLife.23203	28653622	PMC5487215	Simultaneous measurement of chromatin accessibility, DNA methylation, and nucleosome phasing in single cells	eLife	2017	scnome-seq-sccool-seq__10.7554+eLife.23203	yes	scnome-seq__10.7554+eLife.23203	documented	M.CviPI GpC accessibility marking followed by Pico Methyl-Seq bisulfite library construction.
scg_lib_structs	Multi-Omics	scNOMe-seq/scCOOL-seq		yes	primary	https://teichlab.github.io/scg_lib_structs/methods_html/scNOMe_scCOOL.html	https://www.nature.com/articles/cr201782	scCOOL-seq	10.1038/cr.2017.82	28621329		Single-cell multi-omics sequencing of mouse early embryos and embryonic stem cells	Cell Research	2017	scnome-seq-sccool-seq__10.7554+eLife.23203	no	sccool-seq__10.1038+cr.2017.82	documented	Single-cell GpC marking plus PBAT-style two-primer bisulfite library from Guo et al. 2017.
scg_lib_structs	Multi-Omics	scNOMe-seq/scCOOL-seq		yes	primary	https://teichlab.github.io/scg_lib_structs/methods_html/scNOMe_scCOOL.html	https://www.nature.com/articles/nmeth.3035	scBS-seq	10.1038/nmeth.3035	25042786	PMC4117646	Single-cell genome-wide bisulfite sequencing for assessing epigenetic heterogeneity	Nature Methods	2014	scnome-seq-sccool-seq__10.7554+eLife.23203	no			
scg_lib_structs	Multi-Omics	CRISPR-sciATAC		yes	primary	https://teichlab.github.io/scg_lib_structs/methods_html/CRISPR-sciATAC.html	https://www.nature.com/articles/s41587-021-00902-x	CRISPR-sciATAC	10.1038/s41587-021-00902-x	33927415	PMC8516442	Profiling the genetic determinants of chromatin accessibility with scalable single-cell CRISPR screens	Nature Biotechnology	2021	crispr-sciatac__10.1038+s41587-021-00902-x	yes			
scg_lib_structs	Multi-Omics	CRISPR-sciATAC		yes	primary	https://teichlab.github.io/scg_lib_structs/methods_html/CRISPR-sciATAC.html	https://doi.org/10.1016/j.cell.2018.11.022	Purterb-ATAC	10.1016/j.cell.2018.11.022	30580963	PMC6329648	Coupled Single-Cell CRISPR Screening and Epigenomic Profiling Reveals Causal Gene Regulatory Networks	Cell	2019	crispr-sciatac__10.1038+s41587-021-00902-x	no			
scg_lib_structs	Multi-Omics	CRISPR-sciATAC		yes	primary	https://teichlab.github.io/scg_lib_structs/methods_html/CRISPR-sciATAC.html	https://www.nature.com/articles/nmeth.4177	CROP-seq	10.1038/nmeth.4177	28099430	PMC5334791	Pooled CRISPR screening with single-cell transcriptome readout	Nature Methods	2017	crispr-sciatac__10.1038+s41587-021-00902-x	no			
scg_lib_structs	Multi-Omics	CRISPR-sciATAC		yes	cited	https://teichlab.github.io/scg_lib_structs/methods_html/CRISPR-sciATAC.html	http://www.nature.com/nmeth/journal/v7/n7/full/nmeth.1470.html	semi-suppressiev PCR	10.1038/nmeth.1470	20543846	PMC2906222	Linking promoters to functional transcripts in small samples with nanoCAGE and CAGEscan	Nature Methods	2010	crispr-sciatac__10.1038+s41587-021-00902-x	no			
scg_lib_structs	Multi-Omics	scDam&T-seq		yes	primary	https://teichlab.github.io/scg_lib_structs/methods_html/scDamT-seq.html	https://www.nature.com/articles/s41587-019-0150-y	scDam&T-seq	10.1038/s41587-019-0150-y	31209373	PMC6609448	Simultaneous quantification of protein–DNA contacts and transcriptomes in single cells	Nature Biotechnology	2019	scdam-t-seq__10.1038+s41587-019-0150-y	yes			
scg_lib_structs	Multi-Omics	scDam&T-seq		yes	primary	https://teichlab.github.io/scg_lib_structs/methods_html/scDamT-seq.html	https://www.nature.com/articles/s41596-020-0314-8	Nature Protocols 15, 1922-1953	10.1038/s41596-020-0314-8	32350457	PMC7779467	Simultaneous quantification of protein–DNA interactions and transcriptomes in single cells with scDam&T-seq	Nature Protocols	2020	scdam-t-seq__10.1038+s41587-019-0150-y	no			
scg_lib_structs	Multi-Omics	ISSAAC-seq		yes	primary	https://teichlab.github.io/scg_lib_structs/methods_html/ISSAAC-seq.html	https://www.pnas.org/content/117/6/2886	SHERRY	10.1073/pnas.1919800117	31988135	PMC7022195	RNA sequencing by direct tagmentation of RNA/DNA hybrids	Proceedings of the National Academy of Sciences	2020	issaac-seq__10.1038+s41592-022-01601-4	no			
scg_lib_structs	Multi-Omics	ISSAAC-seq		yes	primary	https://teichlab.github.io/scg_lib_structs/methods_html/ISSAAC-seq.html	https://www.nature.com/articles/nmeth.2688	ATAC	10.1038/nmeth.2688	24097267	PMC3959825	Transposition of native chromatin for fast and sensitive epigenomic profiling of open chromatin, DNA-binding proteins and nucleosome position	Nature Methods	2013	issaac-seq__10.1038+s41592-022-01601-4	no			
scg_lib_structs	Multi-Omics	ISSAAC-seq		yes	primary	https://teichlab.github.io/scg_lib_structs/methods_html/ISSAAC-seq.html	https://www.nature.com/articles/s41592-022-01601-4	ISSAAC-seq FACS	10.1038/s41592-022-01601-4	36109677		ISSAAC-seq enables sensitive and flexible multimodal profiling of chromatin accessibility and gene expression in single cells	Nature Methods	2022	issaac-seq__10.1038+s41592-022-01601-4	yes			
scg_lib_structs	Multi-Omics	SHARE-seq		yes	primary	https://teichlab.github.io/scg_lib_structs/methods_html/SHARE-seq.html	https://www.sciencedirect.com/science/article/pii/S0092867420312538	SHARE-seq	10.1016/j.cell.2020.09.056	33098772	PMC7669735	Chromatin Potential Identified by Shared Single-Cell Profiling of RNA and Chromatin	Cell	2020	share-seq__10.1016+j.cell.2020.09.056	yes	share-seq__10.1016+j.cell.2020.09.056	documented	Three-round split-pool ligation transfers the same cellular barcode combination to RNA-derived cDNA and accessible DNA.
scg_lib_structs	Multi-Omics	SNARE-seq		yes	primary	https://teichlab.github.io/scg_lib_structs/methods_html/SNARE-seq.html	https://www.nature.com/articles/s41587-019-0290-0	SNARE-seq	10.1038/s41587-019-0290-0	31611697	PMC6893138	High-throughput sequencing of the transcriptome and chromatin accessibility in the same cell	Nature Biotechnology	2019	snare-seq__10.1038+s41587-019-0290-0	yes			
scg_lib_structs	Multi-Omics	SNARE-seq		yes	primary	https://teichlab.github.io/scg_lib_structs/methods_html/SNARE-seq.html	http://www.cell.com/abstract/S0092-8674(15)00549-8	Drop-seq	10.1016/j.cell.2015.05.002	26000488	PMC4481139	Highly Parallel Genome-wide Expression Profiling of Individual Cells Using Nanoliter Droplets	Cell	2015	snare-seq__10.1038+s41587-019-0290-0	no			
scg_lib_structs	Multi-Omics	Spear-ATAC		yes	primary	https://teichlab.github.io/scg_lib_structs/methods_html/Spear-ATAC.html	https://www.nature.com/articles/s41467-021-23213-w	Spear-ATAC	10.1038/s41467-021-23213-w	34016988	PMC8137922	High-throughput single-cell chromatin accessibility CRISPR screens enable unbiased identification of regulatory networks in cancer	Nature Communications	2021	spear-atac__10.1038+s41467-021-23213-w	yes			
scg_lib_structs	Multi-Omics	Spear-ATAC		yes	cited	https://teichlab.github.io/scg_lib_structs/methods_html/Spear-ATAC.html	http://www.nature.com/nmeth/journal/v7/n7/full/nmeth.1470.html	semi-suppressiev PCR	10.1038/nmeth.1470	20543846	PMC2906222	Linking promoters to functional transcripts in small samples with nanoCAGE and CAGEscan	Nature Methods	2010	spear-atac__10.1038+s41467-021-23213-w	no			
scg_lib_structs	Multi-Omics	scNMT-seq		yes	primary	https://teichlab.github.io/scg_lib_structs/methods_html/scNMT-seq.html	https://www.nature.com/articles/s41467-018-03149-4	scNMT-seq	10.1038/s41467-018-03149-4	29472610	PMC5823944	scNMT-seq enables joint profiling of chromatin accessibility DNA methylation and transcription in single cells	Nature Communications	2018	scnmt-seq__10.1038+s41467-018-03149-4	yes	scnmt-seq__10.1038+s41467-018-03149-4	documented	Joint single-cell nucleosome accessibility, DNA methylation and transcriptome profiling after physical RNA/DNA separation.
scg_lib_structs	Multi-Omics	scNMT-seq		yes	primary	https://teichlab.github.io/scg_lib_structs/methods_html/scNMT-seq.html	https://elifesciences.org/articles/23203	scNOMe-seq	10.7554/eLife.23203	28653622	PMC5487215	Simultaneous measurement of chromatin accessibility, DNA methylation, and nucleosome phasing in single cells	eLife	2017	scnmt-seq__10.1038+s41467-018-03149-4	no	scnmt-seq__10.1038+s41467-018-03149-4	documented	Joint single-cell nucleosome accessibility, DNA methylation and transcriptome profiling after physical RNA/DNA separation.
scg_lib_structs	Multi-Omics	scNMT-seq		yes	primary	https://teichlab.github.io/scg_lib_structs/methods_html/scNMT-seq.html	https://www.nature.com/nmeth/journal/v10/n11/full/nmeth.2639.html	SMART-seq2	10.1038/nmeth.2639	24056875		Smart-seq2 for sensitive full-length transcriptome profiling in single cells	Nature Methods	2013	scnmt-seq__10.1038+s41467-018-03149-4	no	scnmt-seq__10.1038+s41467-018-03149-4	documented	Joint single-cell nucleosome accessibility, DNA methylation and transcriptome profiling after physical RNA/DNA separation.
scg_lib_structs	Multi-Omics	scNMT-seq		yes	primary	https://teichlab.github.io/scg_lib_structs/methods_html/scNMT-seq.html	https://www.nature.com/articles/nmeth.3035	scBS-seq	10.1038/nmeth.3035	25042786	PMC4117646	Single-cell genome-wide bisulfite sequencing for assessing epigenetic heterogeneity	Nature Methods	2014	scnmt-seq__10.1038+s41467-018-03149-4	no	scnmt-seq__10.1038+s41467-018-03149-4	documented	Joint single-cell nucleosome accessibility, DNA methylation and transcriptome profiling after physical RNA/DNA separation.
scg_lib_structs	Multi-Omics	scM&T-seq		yes	primary	https://teichlab.github.io/scg_lib_structs/methods_html/scMandT.html	https://www.nature.com/articles/nmeth.3728	scM&T-seq	10.1038/nmeth.3728	26752769	PMC4770512	Parallel single-cell sequencing links transcriptional and epigenetic heterogeneity	Nature Methods	2016	scm-t-seq__10.1038+nmeth.3728	yes			
scg_lib_structs	Multi-Omics	scM&T-seq		yes	primary	https://teichlab.github.io/scg_lib_structs/methods_html/scMandT.html	https://www.nature.com/nmeth/journal/v10/n11/full/nmeth.2639.html	SMART-seq2	10.1038/nmeth.2639	24056875		Smart-seq2 for sensitive full-length transcriptome profiling in single cells	Nature Methods	2013	scm-t-seq__10.1038+nmeth.3728	no			
scg_lib_structs	Multi-Omics	scM&T-seq		yes	primary	https://teichlab.github.io/scg_lib_structs/methods_html/scMandT.html	https://www.nature.com/articles/nmeth.3035	scBS-seq	10.1038/nmeth.3035	25042786	PMC4117646	Single-cell genome-wide bisulfite sequencing for assessing epigenetic heterogeneity	Nature Methods	2014	scm-t-seq__10.1038+nmeth.3728	no			
scg_lib_structs	Multi-Omics	Paired-seq		yes	primary	https://teichlab.github.io/scg_lib_structs/methods_html/Paired-seq.html	https://www.nature.com/articles/s41594-019-0323-x	Paired-seq	10.1038/s41594-019-0323-x	31695190	PMC7231560	An ultra high-throughput method for single-cell joint analysis of open chromatin and transcriptome	Nature Structural &amp; Molecular Biology	2019	paired-seq__10.1038+s41594-019-0323-x	yes			
scg_lib_structs	Multi-Omics	scCAT-seq		yes	primary	https://teichlab.github.io/scg_lib_structs/methods_html/scCAT-seq.html	https://www.nature.com/articles/s41467-018-08205-7	scCAT-seq	10.1038/s41467-018-08205-7	30692544	PMC6349937	Deconvolution of single-cell multi-omics layers reveals regulatory heterogeneity	Nature Communications	2019	sccat-seq__10.1038+s41467-018-08205-7	yes			
scg_lib_structs	Multi-Omics	scTrio-seq		yes	primary	https://teichlab.github.io/scg_lib_structs/methods_html/scTrio-seq.html	https://www.nature.com/articles/cr201623	scTrio-seq	10.1038/cr.2016.23	26902283		Single-cell triple omics sequencing reveals genetic, epigenetic, and transcriptomic heterogeneity in hepatocellular carcinomas	Cell Research	2016	sctrio-seq__10.1038+cr.2016.23	yes			
scg_lib_structs	Multi-Omics	scTrio-seq		yes	primary	https://teichlab.github.io/scg_lib_structs/methods_html/scTrio-seq.html	https://www.nature.com/articles/nmeth.1315	Tang 2009	10.1038/nmeth.1315	19349980		mRNA-Seq whole-transcriptome analysis of a single cell	Nature Methods	2009	sctrio-seq__10.1038+cr.2016.23	no			
scg_lib_structs	Multi-Omics	scTrio-seq		yes	primary	https://teichlab.github.io/scg_lib_structs/methods_html/scTrio-seq.html	https://genome.cshlp.org/content/23/12/2126.long	scRRBS	10.1101/gr.161679.113	24179143	PMC3847781	Single-cell methylome landscapes of mouse embryonic stem cells and early embryos analyzed using reduced representation bisulfite sequencing	Genome Research	2013	sctrio-seq__10.1038+cr.2016.23	no			
scg_lib_structs	Multi-Omics	scMT-seq		yes	primary	https://teichlab.github.io/scg_lib_structs/methods_html/scMT-seq.html	https://genomebiology.biomedcentral.com/articles/10.1186/s13059-016-0950-z	scMT-seq	10.1186/s13059-016-0950-z	27150361	PMC4858893	Simultaneous profiling of transcriptome and DNA methylome from a single cell	Genome Biology	2016	scmt-seq__10.1186+s13059-016-0950-z	yes			
scg_lib_structs	Multi-Omics	scMT-seq		yes	primary	https://teichlab.github.io/scg_lib_structs/methods_html/scMT-seq.html	https://www.nature.com/articles/nmeth.3728	scM&T-seq	10.1038/nmeth.3728	26752769	PMC4770512	Parallel single-cell sequencing links transcriptional and epigenetic heterogeneity	Nature Methods	2016	scmt-seq__10.1186+s13059-016-0950-z	no			
scg_lib_structs	Multi-Omics	scMT-seq		yes	primary	https://teichlab.github.io/scg_lib_structs/methods_html/scMT-seq.html	https://www.nature.com/nmeth/journal/v10/n11/full/nmeth.2639.html	SMART-seq2	10.1038/nmeth.2639	24056875		Smart-seq2 for sensitive full-length transcriptome profiling in single cells	Nature Methods	2013	scmt-seq__10.1186+s13059-016-0950-z	no			
scg_lib_structs	Multi-Omics	scMT-seq		yes	primary	https://teichlab.github.io/scg_lib_structs/methods_html/scMT-seq.html	https://www.nature.com/articles/nprot.2015.039	scRRBS	10.1038/nprot.2015.039	25837417		Profiling DNA methylome landscapes of mammalian cells with single-cell reduced-representation bisulfite sequencing	Nature Protocols	2015	scmt-seq__10.1186+s13059-016-0950-z	no			
scg_lib_structs	Multi-Omics	G&T-seq		yes	primary	https://teichlab.github.io/scg_lib_structs/methods_html/G_and_T_seq.html	https://www.nature.com/articles/nmeth.3370	G&T-seq	10.1038/nmeth.3370	25915121		G&T-seq: parallel sequencing of single-cell genomes and transcriptomes	Nature Methods	2015	g-t-seq__10.1038+nmeth.3370	yes			
scg_lib_structs	Multi-Omics	DR-seq		yes	primary	https://teichlab.github.io/scg_lib_structs/methods_html/DR-seq.html	https://www.nature.com/articles/nbt.3129	DR-seq	10.1038/nbt.3129	25599178	PMC4374170	Integrated genome and transcriptome sequencing of the same cell	Nature Biotechnology	2015	dr-seq__10.1038+nbt.3129	yes			
scg_lib_structs	Multi-Omics	DR-seq		yes	primary	https://teichlab.github.io/scg_lib_structs/methods_html/DR-seq.html	https://science.sciencemag.org/content/338/6114/1622.full	MALBAC	10.1126/science.1229164	23258894	PMC3600412	Genome-Wide Detection of Single-Nucleotide and Copy-Number Variations of a Single Human Cell	Science	2012	dr-seq__10.1038+nbt.3129	no			
scg_lib_structs	Multi-Omics	DR-seq		yes	cited	https://teichlab.github.io/scg_lib_structs/methods_html/DR-seq.html	http://www.cell.com/cell-reports/abstract/S2211-1247(12)00228-8	CEL-seq	10.1016/j.celrep.2012.08.003	22939981		CEL-Seq: Single-Cell RNA-Seq by Multiplexed Linear Amplification	Cell Reports	2012	dr-seq__10.1038+nbt.3129	no			
scg_lib_structs	TODO list	Trac-looping		todo	primary		https://www.nature.com/articles/s41592-018-0107-y		10.1038/s41592-018-0107-y	30150754	PMC7212307	Trac-looping measures genome structure and chromatin accessibility	Nature Methods	2018	trac-looping__10.1038+s41592-018-0107-y	yes			
scg_lib_structs	TODO list	MATQ-seq		todo	primary		https://www.nature.com/articles/nmeth.4145		10.1038/nmeth.4145	28092691		Effective detection of variation in single-cell transcriptomes using MATQ-seq	Nature Methods	2017	matq-seq__10.1038+nmeth.4145	yes			
scg_lib_structs	TODO list	ASTAR-seq		todo	primary		https://www.biorxiv.org/content/10.1101/829960v1		10.1101/829960			Parallel Bimodal Single-cell Sequencing of Transcriptome and Chromatin Accessibility	bioRxiv	2019	astar-seq__10.1101+829960	yes	astar-seq__10.1101+829960	documented	Schematic and research notes from the defining preprint and its Supplementary Information and oligo table.
scg_lib_structs	TODO list	Drop scChIP-seq		todo	primary		https://www.nature.com/articles/s41588-019-0424-9		10.1038/s41588-019-0424-9	31152164		High-throughput single-cell ChIP-seq identifies heterogeneity of chromatin states in breast cancer	Nature Genetics	2019	drop-scchip-seq__10.1038+s41588-019-0424-9	yes			
scg_lib_structs	TODO list	sci-Plex		todo	primary		https://science.sciencemag.org/content/early/2019/12/04/science.aax6234.full		10.1126/science.aax6234	31806696	PMC7289078	Massively multiplex chemical transcriptomics at single-cell resolution	Science	2020	sci-plex__10.1126+science.aax6234	yes			
scg_lib_structs	TODO list	sci-CAR-seq		todo	primary		https://science.sciencemag.org/content/361/6409/1380.full		10.1126/science.aau0730	30166440	PMC6571013	Joint profiling of chromatin accessibility and gene expression in thousands of single cells	Science	2018	sci-car-seq__10.1126+science.aau0730	yes			
scg_lib_structs	TODO list	snmC2T-seq		todo	primary		https://www.biorxiv.org/content/10.1101/2019.12.11.873398v1		10.1101/2019.12.11.873398			Single nucleus multi-omics links human cortical cell regulatory genome diversity to disease risk variants	bioRxiv	2019	snmc2t-seq__10.1101+2019.12.11.873398	yes			
scg_lib_structs	TODO list	MALBAC-DT		todo	primary		https://www.biorxiv.org/content/10.1101/2019.12.31.892190v1		10.1101/2019.12.31.892190			Correlated Gene Modules Uncovered by Single-Cell Transcriptomics with High Detectability and Accuracy	bioRxiv	2020	malbac-dt__10.1101+2019.12.31.892190	yes			
scg_lib_structs	TODO list	GRID-seq		todo	primary		https://www.nature.com/articles/nbt.3968		10.1038/nbt.3968	28922346	PMC5953555	GRID-seq reveals the global RNA–chromatin interactome	Nature Biotechnology	2017	grid-seq__10.1038+nbt.3968	yes	grid-seq__10.1038+nbt.3968	documented	A bivalent RNA-DNA bridge joins nuclear RNA to nearby chromatin for genome-wide contact mapping.
scg_lib_structs	TODO list	ZipSeq		todo	primary		https://www.biorxiv.org/content/10.1101/2020.02.04.932988v1		10.1101/2020.02.04.932988			ZipSeq : Barcoding for Real-time Mapping of Single Cell Transcriptomes	bioRxiv	2020	zipseq__10.1101+2020.02.04.932988	yes			
scg_lib_structs	TODO list	scCC		todo	primary		https://www.sciencedirect.com/science/article/pii/S009286742030814X		10.1016/j.cell.2020.06.037	32710817	PMC7510185	Self-Reporting Transposons Enable Simultaneous Readout of Gene Expression and Transcription Factor Binding in Single Cells	Cell	2020	sccc__10.1016+j.cell.2020.06.037	yes			
scg_lib_structs	TODO list	scSPRITE		todo	primary		https://www.biorxiv.org/content/10.1101/2020.08.11.242081v1		10.1101/2020.08.11.242081			A single-cell method to map higher-order 3D genome organization in thousands of individual cells reveals structural heterogeneity in mouse ES cells	bioRxiv	2020	scsprite__10.1101+2020.08.11.242081	yes			
scg_lib_structs	TODO list	TEA-seq/ICICLE-seq		todo	primary		https://www.biorxiv.org/content/10.1101/2020.09.04.283887v2		10.1101/2020.09.04.283887			TEA-seq: a trimodal assay for integrated single cell measurement of transcription, epitopes, and chromatin accessibility	bioRxiv	2020	tea-seq-icicle-seq__10.1101+2020.09.04.283887	yes			
scg_lib_structs	TODO list	hsrChST-seq		todo	primary		https://www.biorxiv.org/content/10.1101/2021.03.11.434985v1		10.1101/2021.03.11.434985			Spatial Epigenome Sequencing at Tissue Scale and Cellular Level	bioRxiv	2021	hsrchst-seq__10.1101+2021.03.11.434985	yes			
scg_lib_structs	TODO list	TIP-seq		todo	primary		https://www.biorxiv.org/content/10.1101/2021.03.17.435909v1		10.1101/2021.03.17.435909			High throughput genome-wide single cell protein:DNA binding site mapping by targeted insertion of promoters (TIP-seq)	bioRxiv	2021	tip-seq__10.1101+2021.03.17.435909	yes			
scg_lib_structs	TODO list	ECCITE-seq		todo	primary		https://www.nature.com/articles/s41592-019-0392-0		10.1038/s41592-019-0392-0	31011186	PMC6557128	Multiplexed detection of proteins, transcriptomes, clonotypes and CRISPR perturbations in single cells	Nature Methods	2019	eccite-seq__10.1038+s41592-019-0392-0	yes	eccite-seq__10.1038+s41592-019-0392-0	documented	10x 5-prime capture of transcript, antibody, hashtag and direct-guide modalities with a shared cell identity.
scg_lib_structs	TODO list	ASAP-seq/DOGMA-seq		todo	primary		https://www.nature.com/articles/s41587-021-00927-2		10.1038/s41587-021-00927-2	34083792	PMC8763625	Scalable, multimodal profiling of chromatin accessibility, gene expression and protein levels in single cells	Nature Biotechnology	2021	asap-seq-dogma-seq__10.1038+s41587-021-00927-2	yes			
scg_lib_structs	TODO list	PHAGE-ATAC		todo	primary		https://www.biorxiv.org/content/10.1101/2020.10.01.322420v1		10.1101/2020.10.01.322420			Single-cell multimodal profiling of proteins and chromatin accessibility using PHAGE-ATAC	bioRxiv	2020	phage-atac__10.1101+2020.10.01.322420	yes			
scg_lib_structs	TODO list	Spatial-ATAC-seq		todo	primary		https://www.biorxiv.org/content/10.1101/2021.06.06.447244v1		10.1101/2021.06.06.447244			Spatial-ATAC-seq: spatially resolved chromatin accessibility profiling of tissues at genome scale and cellular level	bioRxiv	2021	spatial-atac-seq__10.1101+2021.06.06.447244	yes			
scg_lib_structs	TODO list	Spatial C&T		todo	primary		https://www.science.org/doi/10.1126/science.abg7216		10.1126/science.abg7216	35143307	PMC7612972	Spatial-CUT&Tag: Spatially resolved chromatin modification profiling at the cellular level	Science	2022	spatial-c-t__10.1126+science.abg7216	yes			
scg_lib_structs	TODO list	scTEM-seq		todo	primary		https://www.biorxiv.org/content/10.1101/2021.03.25.436351v1		10.1101/2021.03.25.436351			SINEultaneous profiling of epigenetic heterogeneity and transcriptome in single cells	bioRxiv	2021	sctem-seq__10.1101+2021.03.25.436351	yes			
scg_lib_structs	TODO list	DBiT-seq		todo	primary		https://www.sciencedirect.com/science/article/pii/S0092867420313908		10.1016/j.cell.2020.10.026	33188776	PMC7736559	High-Spatial-Resolution Multi-Omics Sequencing via Deterministic Barcoding in Tissue	Cell	2020	dbit-seq__10.1016+j.cell.2020.10.026	yes	dbit-seq__10.1016+j.cell.2020.10.026	documented	Perpendicular microfluidic barcode ligations create deterministic A/B tissue-pixel addresses for RNA and protein tags.
scg_lib_structs	TODO list	scGET-seq		todo	primary		https://www.nature.com/articles/s41587-021-01031-1		10.1038/s41587-021-01031-1	34635836		Chromatin Velocity reveals epigenetic dynamics by single-cell profiling of heterochromatin and euchromatin	Nature Biotechnology	2021	scget-seq__10.1038+s41587-021-01031-1	yes			
scg_lib_structs	TODO list	Multi-CUT&Tag		todo	primary		https://www.sciencedirect.com/science/article/pii/S109727652100753X		10.1016/j.molcel.2021.09.019	34637755	PMC8604773	Simultaneous profiling of multiple chromatin proteins in the same cells	Molecular Cell	2021	multi-cut-tag__10.1016+j.molcel.2021.09.019	yes			
scg_lib_structs	TODO list	MulTI-Tag		todo	primary		https://www.biorxiv.org/content/10.1101/2021.07.08.451691v1		10.1101/2021.07.08.451691			Multifactorial chromatin regulatory landscapes at single cell resolution	bioRxiv	2021	multi-tag__10.1101+2021.07.08.451691	yes			
scg_lib_structs	TODO list	TIME-seq		todo	primary		https://www.biorxiv.org/content/10.1101/2021.10.25.465725v1		10.1101/2021.10.25.465725			TIME-Seq Enables Scalable and Inexpensive Epigenetic Age Predictions	bioRxiv	2021	time-seq__10.1101+2021.10.25.465725	yes			
scg_lib_structs	TODO list	scSPLAT		todo	primary		https://www.biorxiv.org/content/10.1101/2021.10.14.464375v2		10.1101/2021.10.14.464375			scSPLAT, a scalable plate-based protocol for single cell WGBS library preparation	bioRxiv	2021	scsplat__10.1101+2021.10.14.464375	yes			
scg_lib_structs	TODO list	EpiDamID		todo	primary		https://www.biorxiv.org/content/10.1101/2021.10.26.465688v1		10.1101/2021.10.26.465688			Single-cell profiling of transcriptome and histone modifications with EpiDamID	bioRxiv	2021	epidamid__10.1101+2021.10.26.465688	yes			
scg_lib_structs	TODO list	scRibo-seq		todo	primary		https://www.nature.com/articles/s41586-021-03887-4		10.1038/s41586-021-03887-4	34497418		Single-cell Ribo-seq reveals cell cycle-dependent translational pausing	Nature	2021	scribo-seq__10.1038+s41586-021-03887-4	yes	scribo-seq__10.1038+s41586-021-03887-4	documented	Single-cell ribosome profiling with footprint end repair, two RNA ligations, UMIs and well indices.
scg_lib_structs	TODO list	sc-end5-seq		todo	primary		https://www.biorxiv.org/content/10.1101/2021.04.04.438388v2		10.1101/2021.04.04.438388			Profiling of transcribed <i>cis</i> -regulatory elements in single cells	bioRxiv	2021	sc-end5-seq__10.1101+2021.04.04.438388	yes			
scg_lib_structs	TODO list	Slide-seq		todo	primary		https://www.science.org/doi/10.1126/science.aaw1219		10.1126/science.aaw1219	30923225	PMC6927209	Slide-seq: A scalable technology for measuring genome-wide expression at high spatial resolution	Science	2019	slide-seq__10.1126+science.aaw1219	yes			
scg_lib_structs	TODO list	Slide-seqV2		todo	primary		https://www.nature.com/articles/s41587-020-0739-1		10.1038/s41587-020-0739-1	33288904	PMC8606189	Highly sensitive spatial transcriptomics at near-cellular resolution with Slide-seqV2	Nature Biotechnology	2020	slide-seqv2__10.1038+s41587-020-0739-1	yes	slide-seqv2__10.1038+s41587-020-0739-1	documented	Spatially decoded 10-micrometre bead-puck RNA capture with template switching and bead-bound second-strand synthesis.
scg_lib_structs	TODO list	Slide-DNA-seq		todo	primary		https://www.nature.com/articles/s41586-021-04217-4		10.1038/s41586-021-04217-4	34912115	PMC9301586	Spatial genomics enables multi-modal study of clonal heterogeneity in tissues	Nature	2021	slide-dna-seq__10.1038+s41586-021-04217-4	yes			
scg_lib_structs	TODO list	Slide-tags		todo	primary		https://www.biorxiv.org/content/10.1101/2023.04.01.535228v1		10.1101/2023.04.01.535228	37066158	PMC10103946	Slide-tags: scalable, single-nucleus barcoding for multi-modal spatial genomics	bioRxiv	2023	slide-tags__10.1101+2023.04.01.535228	yes			
scg_lib_structs	TODO list	CoTECH		todo	primary		https://www.nature.com/articles/s41592-021-01129-z		10.1038/s41592-021-01129-z	33958790		Single-cell joint detection of chromatin occupancy and transcriptome enables higher-dimensional epigenomic reconstructions	Nature Methods	2021	cotech__10.1038+s41592-021-01129-z	yes			
scg_lib_structs	TODO list	PairedTag		todo	primary		https://www.nature.com/articles/s41592-021-01060-3		10.1038/s41592-021-01060-3	33589836	PMC7954905	Joint profiling of histone modifications and transcriptome in single cells from mouse brain	Nature Methods	2021	pairedtag__10.1038+s41592-021-01060-3	yes	pairedtag__10.1038+s41592-021-01060-3	documented	Joint single-cell histone-modification and transcriptome profiling by targeted tagmentation and combinatorial barcoding.
scg_lib_structs	TODO list	GoT-ChA		todo	primary		https://www.biorxiv.org/content/10.1101/2022.05.11.491515v1		10.1101/2022.05.11.491515			Integrated Single-Cell Genotyping and Chromatin Accessibility Charts <i> JAK2 <sup>V617F</sup> </i> Human Hematopoietic Differentiation	bioRxiv	2022	got-cha__10.1101+2022.05.11.491515	yes			
scg_lib_structs	TODO list	Methyl-HiC		todo	primary		https://www.nature.com/articles/s41592-019-0502-z		10.1038/s41592-019-0502-z	31384045	PMC6765429	Joint profiling of DNA methylation and chromatin architecture in single cells	Nature Methods	2019	methyl-hic__10.1038+s41592-019-0502-z	yes			
scg_lib_structs	TODO list	SNuBar-ATAC		todo	primary		https://www.sciencedirect.com/science/article/pii/S1097276521007954		10.1016/j.molcel.2021.09.026	34686316	PMC8611914	Simple oligonucleotide-based multiplexing of single-cell chromatin accessibility	Molecular Cell	2021	snubar-atac__10.1016+j.molcel.2021.09.026	yes			
scg_lib_structs	TODO list	RAISIN RNA-seq & MIRACL-seq		todo	primary		https://www.sciencedirect.com/science/article/pii/S0092867420309946		10.1016/j.cell.2020.08.003	32888429	PMC8358727	The Human and Mouse Enteric Nervous System at Single-Cell Resolution	Cell	2020	raisin-rna-seq-miracl-seq__10.1016+j.cell.2020.08.003	yes			
scg_lib_structs	TODO list	Microbe-seq		todo	primary		https://www.science.org/doi/10.1126/science.abm1483		10.1126/science.abm1483	35653470		High-throughput, single-microbe genomics with strain resolution, applied to a human gut microbiome	Science	2022	microbe-seq__10.1126+science.abm1483	yes			
scg_lib_structs	TODO list	SEC-seq		todo	primary		https://www.biorxiv.org/content/10.1101/2022.08.25.505190v1		10.1101/2022.08.25.505190			SEC-seq: Association of molecular signatures with antibody secretion in thousands of single human plasma cells	bioRxiv	2022	sec-seq__10.1101+2022.08.25.505190	yes			
scg_lib_structs	TODO list	scONE-seq		todo	primary		https://www.science.org/doi/10.1126/sciadv.abp8901		10.1126/sciadv.abp8901	36598983	PMC9812385	scONE-seq: A single-cell multi-omics method enables simultaneous dissection of phenotype and genotype heterogeneity from frozen tumors	Science Advances	2023	scone-seq__10.1126+sciadv.abp8901	yes			
scg_lib_structs	TODO list	BacDrop		todo	primary		https://pubmed.ncbi.nlm.nih.gov/36708705/		10.1016/j.cell.2023.01.002	36708705	PMC10014032	Bacterial droplet-based single-cell RNA-seq reveals antibiotic-associated heterogeneous cellular states	Cell	2023	bacdrop__10.1016+j.cell.2023.01.002	yes			
scg_lib_structs	TODO list	SPEAC-seq		todo	primary		https://www.science.org/doi/10.1126/science.abq4822		10.1126/science.abq4822	36893254	PMC10066924	Droplet-based forward genetic screening of astrocyte–microglia cross-talk	Science	2023	speac-seq__10.1126+science.abq4822	yes			
scg_lib_structs	TODO list	DisCo		todo	primary		https://www.nature.com/articles/s41592-021-01391-1		10.1038/s41592-021-01391-1	35165449		Deterministic scRNA-seq captures variation in intestinal crypt and organoid composition	Nature Methods	2022	disco__10.1038+s41592-021-01391-1	yes			
scg_lib_structs	TODO list	spinDrop		todo	primary		https://www.biorxiv.org/content/10.1101/2023.01.12.523500v1		10.1101/2023.01.12.523500			spinDrop: a droplet microfluidic platform to maximise single-cell sequencing information content	bioRxiv	2023	spindrop__10.1101+2023.01.12.523500	yes			
scg_lib_structs	TODO list	sciPlex-ATAC-seq		todo	primary		https://www.biorxiv.org/content/10.1101/2023.03.05.531201v1		10.1101/2023.03.05.531201	36945538	PMC10028990	High-Capacity Sample Multiplexing for Single Cell Chromatin Accessibility Profiling	bioRxiv	2023	sciplex-atac-seq__10.1101+2023.03.05.531201	yes			
scg_lib_structs	TODO list	SCITO-seq		todo	primary		https://www.nature.com/articles/s41592-021-01222-3		10.1038/s41592-021-01222-3	34354295	PMC8643207	SCITO-seq: single-cell combinatorial indexed cytometry sequencing	Nature Methods	2021	scito-seq__10.1038+s41592-021-01222-3	yes			
scg_lib_structs	TODO list	snRandom-seq		todo	primary		https://www.nature.com/articles/s41467-023-38409-5		10.1038/s41467-023-38409-5	37173341	PMC10182092	High-throughput single nucleus total RNA sequencing of formalin-fixed paraffin-embedded tissues by snRandom-seq	Nature Communications	2023	snrandom-seq__10.1038+s41467-023-38409-5	yes	snrandom-seq__10.1038+s41467-023-38409-5	documented	Random-primed FFPE single-nucleus total RNA sequencing with droplet bead barcoding.
scg_lib_structs	TODO list	LAST-seq		todo	primary		https://genomebiology.biomedcentral.com/articles/10.1186/s13059-023-03025-5		10.1186/s13059-023-03025-5	37559123	PMC10413806	LAST-seq: single-cell RNA sequencing by direct amplification of single-stranded RNA without prior reverse transcription and second-strand synthesis	Genome Biology	2023	last-seq__10.1186+s13059-023-03025-5	yes			
scg_lib_structs	TODO list	GAGE-seq		todo	primary		https://www.biorxiv.org/content/10.1101/2023.07.20.549578v1		10.1101/2023.07.20.549578	37546900	PMC10401946	Concurrent profiling of multiscale 3D genome organization and gene expression in single mammalian cells	bioRxiv	2023	gage-seq__10.1101+2023.07.20.549578	yes			
scg_lib_structs	TODO list	scCARE-seq		todo	primary		https://www.nature.com/articles/s41594-023-01066-9		10.1038/s41594-023-01066-9	37580628		Simultaneous profiling of chromatin architecture and transcription in single cells	Nature Structural &amp; Molecular Biology	2023	sccare-seq__10.1038+s41594-023-01066-9	yes			
scg_lib_structs	TODO list	HiRES		todo	primary		https://www.science.org/doi/10.1126/science.adg3797		10.1126/science.adg3797	37289875		Linking genome structures to functions by simultaneous single-cell Hi-C and RNA-seq	Science	2023	hires__10.1126+science.adg3797	yes			
scg_lib_structs	TODO list	LiMCA		todo	primary		https://www.researchsquare.com/article/rs-3210240/v1		10.21203/rs.3.rs-3210240/v1			Simultaneous single-cell three-dimensional genome and gene expression profiling Uncovers Dynamic Enhancer Connectivity Underlying Olfactory Receptor Choice	Research Square	2023	limca__10.21203+rs.3.rs-3210240+v1	yes			
scg_lib_structs	TODO list	nano-CT		todo	primary		https://www.nature.com/articles/s41587-022-01535-4		10.1038/s41587-022-01535-4	36536148	PMC10264246	Multimodal chromatin profiling using nanobody-based single-cell CUT&Tag	Nature Biotechnology	2022	nano-ct__10.1038+s41587-022-01535-4	yes			
scg_lib_structs	TODO list	NTT-seq		todo	primary		https://www.nature.com/articles/s41587-022-01588-5		10.1038/s41587-022-01588-5	36536150	PMC10272075	Nanobody-tethered transposition enables multifactorial chromatin profiling at single-cell resolution	Nature Biotechnology	2022	ntt-seq__10.1038+s41587-022-01588-5	yes			
scg_lib_structs	TODO list	BuTT-seq		todo	primary		https://genesdev.cshlp.org/content/37/9-10/432		10.1101/gad.350434.123	37164645	PMC10270195	Butt-seq: a new method for facile profiling of transcription	Genes &amp; Development	2023	butt-seq__10.1101+gad.350434.123	yes			
scg_lib_structs	TODO list	M3-seq		todo	primary		https://www.nature.com/articles/s41564-023-01462-3		10.1038/s41564-023-01462-3	37653008	PMC10522482	Single-cell massively-parallel multiplexed microbial sequencing (M3-seq) identifies rare bacterial populations and profiles phage infection	Nature Microbiology	2023	m3-seq__10.1038+s41564-023-01462-3	yes			
scg_lib_structs	TODO list	inDrops-2		todo	primary		https://www.biorxiv.org/content/10.1101/2023.09.26.559493v1		10.1101/2023.09.26.559493			inDrops-2: a flexible, versatile and cost-efficient droplet microfluidics approach for high-throughput scRNA-seq of fresh and preserved clinical samples	bioRxiv	2023	indrops-2__10.1101+2023.09.26.559493	yes			
scg_lib_structs	TODO list	scRCAT-seq		todo	primary		https://www.nature.com/articles/s41467-020-18976-7		10.1038/s41467-020-18976-7	33051455	PMC7555861	Single-cell RNA cap and tail sequencing (scRCAT-seq) reveals subtype-specific isoforms differing in transcript demarcation	Nature Communications	2020	scrcat-seq__10.1038+s41467-020-18976-7	yes			
scg_lib_structs	TODO list	Phospho-seq		todo	primary		https://www.biorxiv.org/content/10.1101/2023.03.27.534442v1.full		10.1101/2023.03.27.534442	37034703	PMC10081255	Phospho-seq: Integrated, multi-modal profiling of intracellular protein dynamics in single cells	bioRxiv	2023	phospho-seq__10.1101+2023.03.27.534442	yes			
scg_lib_structs	TODO list	RamDA-seq		todo	primary		https://www.nature.com/articles/s41467-018-02866-0		10.1038/s41467-018-02866-0	29434199	PMC5809388	Single-cell full-length total RNA sequencing uncovers dynamics of recursive splicing and enhancer RNAs	Nature Communications	2018	ramda-seq__10.1038+s41467-018-02866-0	yes	ramda-seq__10.1038+s41467-018-02866-0	documented	NSR-primed random displacement amplification during reverse transcription.
scg_lib_structs	TODO list	SIMPLE-seq		todo	primary		https://www.nature.com/articles/s41587-024-02148-9		10.1038/s41587-024-02148-9	38336903		Simultaneous single-cell analysis of 5mC and 5hmC with SIMPLE-seq	Nature Biotechnology	2024	simple-seq__10.1038+s41587-024-02148-9	yes			
scg_lib_structs	TODO list	scTAPS		todo	primary		https://www.biorxiv.org/content/10.1101/2024.02.12.579864v1		10.1101/2024.02.12.579864			Direct, bisulfite-free 5mC and 5hmC sequencing at single-cell resolution	bioRxiv	2024	sctaps__10.1101+2024.02.12.579864	yes	sctaps__10.1101+2024.02.12.579864	documented	Single-cell TAPS reports 5mC plus 5hmC after TET oxidation, pyridine-borane reduction and combinatorial indexing.
scg_lib_structs	TODO list	MUSIC		todo	primary		https://www.nature.com/articles/s41586-024-07239-w		10.1038/s41586-024-07239-w	38538789	PMC11023937	Single-cell multiplex chromatin and RNA interactions in ageing human brain	Nature	2024	music__10.1038+s41586-024-07239-w	yes			
scg_lib_structs	TODO list	Direct-seq		todo	primary		https://genomebiology.biomedcentral.com/articles/10.1186/s13059-020-02044-w		10.1186/s13059-020-02044-w	32513233	PMC7278172	Direct-seq: programmed gRNA scaffold for streamlined scRNA-seq in CRISPR screen	Genome Biology	2020	direct-seq__10.1186+s13059-020-02044-w	yes			
scg_lib_structs	TODO list	Strand-seq		todo	primary		https://www.nature.com/articles/nmeth.2206		10.1038/nmeth.2206	23042453	PMC3580294	DNA template strand sequencing of single-cells maps genomic rearrangements at high resolution	Nature Methods	2012	strand-seq__10.1038+nmeth.2206	yes	strand-seq__10.1038+nmeth.2206	documented	BrdU/Hoechst/UV selection retains parental template strands and preserves chromosome-wide read orientation in single cells.
scg_lib_structs	TODO list	Drop-BS		todo	primary		https://www.nature.com/articles/s41467-023-40411-w		10.1038/s41467-023-40411-w	37537185	PMC10400590	Droplet-based bisulfite sequencing for high-throughput profiling of single-cell DNA methylomes	Nature Communications	2023	drop-bs__10.1038+s41467-023-40411-w	yes			
scg_lib_structs	TODO list	CROPseq-multi		todo	primary		https://www.biorxiv.org/content/10.1101/2024.03.17.585235v1		10.1101/2024.03.17.585235	38558968	PMC10979941	CROPseq-multi: a universal solution for multiplexed perturbation in high-content pooled CRISPR screens	bioRxiv	2024	cropseq-multi__10.1101+2024.03.17.585235	yes			
scg_lib_structs	TODO list	ChAIR		todo	primary		https://www.biorxiv.org/content/10.1101/2024.05.03.592322v1.full		10.1101/2024.05.03.592322			Tri-omic mapping revealed concerted dynamics of 3D epigenome and transcriptome in brain cells	bioRxiv	2024	chair__10.1101+2024.05.03.592322	yes			
scg_lib_structs	TODO list	SPATAC-seq		todo	primary		https://www.nature.com/articles/s41556-024-01449-0		10.1038/s41556-024-01449-0	38977847		Mapping the chromatin accessibility landscape of zebrafish embryogenesis at single-cell resolution by SPATAC-seq	Nature Cell Biology	2024	spatac-seq__10.1038+s41556-024-01449-0	yes			
scg_lib_structs	TODO list	snapTotal-seq		todo	primary		https://www.nature.com/articles/s41467-024-50291-3		10.1038/s41467-024-50291-3	39009595	PMC11251146	Single-cell total-RNA profiling unveils regulatory hubs of transcription factors	Nature Communications	2024	snaptotal-seq__10.1038+s41467-024-50291-3	yes			
scg_lib_structs	TODO list	easySHARE-seq		todo	primary		https://www.biorxiv.org/content/10.1101/2024.02.26.581705v1.full		10.1101/2024.02.26.581705			Flexible and high-throughput simultaneous profiling of gene expression and chromatin accessibility in single cells	bioRxiv	2024	easyshare-seq__10.1101+2024.02.26.581705	yes			
scg_lib_structs	TODO list	EasySci		todo	primary		https://www.nature.com/articles/s41588-023-01572-y		10.1038/s41588-023-01572-y	38036784	PMC10703679	A global view of aging and Alzheimer’s pathogenesis-associated cell population dynamics and molecular signatures in human and mouse brains	Nature Genetics	2023	easysci__10.1038+s41588-023-01572-y	yes			
scg_lib_structs	TODO list	OAK		todo	primary		https://www.biorxiv.org/content/10.1101/2024.01.23.576918v1		10.1101/2024.01.23.576918			Overloading And unpacKing (OAK) - droplet-based combinatorial indexing for ultra-high throughput single-cell multiomic profiling	bioRxiv	2024	oak__10.1101+2024.01.23.576918	yes			
scg_lib_structs	TODO list	BAG DNA RNA		todo	primary		https://www.biorxiv.org/content/10.1101/2023.10.04.560973v1		10.1101/2023.10.04.560973			DNA and RNA from the same single nucleus reveals interactions between genomic and transcriptomic landscapes in human tumor samples	bioRxiv	2023	bag-dna-rna__10.1101+2023.10.04.560973	yes			
scg_lib_structs	TODO list	CAP-seq		todo	primary		https://www.biorxiv.org/content/10.1101/2024.09.10.612220v1		10.1101/2024.09.10.612220			Large-scale single-cell long-read genomics enables high-resolution microbiome profiling	bioRxiv	2024	cap-seq__10.1101+2024.09.10.612220	yes			
scg_lib_structs	TODO list	wellDA-seq		todo	primary		https://www.biorxiv.org/content/10.1101/2024.09.06.611519v1		10.1101/2024.09.06.611519	39314325	PMC11418942	Single cell genome and epigenome co-profiling reveals hardwiring and plasticity in breast cancer	bioRxiv	2024	wellda-seq__10.1101+2024.09.06.611519	yes			
scg_lib_structs	TODO list	microSPLiT		todo	primary		https://www.nature.com/articles/s41596-024-01007-w		10.1038/s41596-024-01007-w	38886529	PMC11575931	High-throughput single-cell transcriptomics of bacteria using combinatorial barcoding	Nature Protocols	2024	microsplit__10.1038+s41596-024-01007-w	yes	microsplit__10.1126+science.aba5257	documented	Bacterial split-pool RNA barcoding with primary-source preprint oligos and published read layout.
scg_lib_structs	TODO list	ProBac-seq		todo	primary		https://www.nature.com/articles/s41596-024-01002-1		10.1038/s41596-024-01002-1	38769144	PMC13621791	ProBac-seq, a bacterial single-cell RNA sequencing methodology using droplet microfluidics and large oligonucleotide probe sets	Nature Protocols	2024	probac-seq__10.1038+s41596-024-01002-1	yes			
ours	Ours, not in scg_lib_structs	Atrandi WGS		ours	primary		https://doi.org/10.1101/2025.06.20.660799		10.1101/2025.06.20.660799			Scalable single-cell metagenomic analysis with Bascet and Zorn	bioRxiv	2025	atrandi-wgs__10.1101+2025.06.20.660799	yes	atrandi-wgs__10.1101+2025.06.20.660799	documented	Atrandi SPC + PTA single-microbe WGS, as run here (Bascet/Zorn preprint). Built on the Atrandi barcoding kit manuals, which have no DOI.
ours	Ours, not in scg_lib_structs	SMART-seq3		ours	primary		https://doi.org/10.1038/s41587-020-0497-0		10.1038/s41587-020-0497-0	32518404		Single-cell RNA counting at allele and isoform resolution using Smart-seq3	Nature Biotechnology	2020	smart-seq3__10.1038+s41587-020-0497-0	yes	smart-seq3__10.1038+s41587-020-0497-0	documented	SMART-seq3 protocol; defining source is Hagemann-Jensen et al. 2020.
ours	Ours, not in scg_lib_structs	SMART-seq3xpress		ours	primary		https://doi.org/10.1038/s41587-022-01311-4		10.1038/s41587-022-01311-4			Scalable single-cell RNA sequencing from full transcripts with Smart-seq3xpress	Nature Biotechnology	2022	smart-seq3xpress__10.1038+s41587-022-01311-4	yes	smart-seq3xpress__10.1038+s41587-022-01311-4	documented	Smart-seq3xpress protocol; defining source is Hagemann-Jensen et al. 2022.
ours	Ours, not in scg_lib_structs	Small-seq		ours	primary		https://doi.org/10.1038/nbt.3701		10.1038/nbt.3701	27798564		Single-cell sequencing of the small-RNA transcriptome	Nature Biotechnology	2016	small-seq__10.1038+nbt.3701	yes	small-seq__10.1038+nbt.3701	documented	Named for the original method (Faridani 2016); the page is drawn from the 2018 Nat Protoc version, 10.1038/s41596-018-0049-y.
ours	Ours, not in scg_lib_structs	lentiCRISPR v1 screening		ours	primary		https://doi.org/10.1126/science.1247005		10.1126/science.1247005	24336571		Genome-Scale CRISPR-Cas9 Knockout Screening in Human Cells	Science	2014	lenticrispr-v1-screening__10.1126+science.1247005	yes	lenticrispr-v1-screening__10.1126+science.1247005	documented	Original Shalem all-in-one pooled knockout screen; readout variants are separate protocols.
ours	Ours, not in scg_lib_structs	lentiCRISPR v2 screening		ours	primary		https://doi.org/10.1038/nmeth.3047		10.1038/nmeth.3047			Improved vectors and genome-wide libraries for CRISPR screening	Nature Methods	2014	lenticrispr-v2-screening__10.1038+nmeth.3047	yes	lenticrispr-v2-screening__10.1038+nmeth.3047	documented	Higher-titre v2 vector and GeCKO v2 library from Sanjana, Shalem and Zhang 2014.
ours	Ours, not in scg_lib_structs	Joung one-PCR CRISPR screen readout		ours	primary		https://doi.org/10.1038/nprot.2017.016		10.1038/nprot.2017.016	28333914		Genome-scale CRISPR-Cas9 knockout and transcriptional activation screening	Nature Protocols	2017	joung-one-pcr-crispr-screen-readout__10.1038+nprot.2017.016	yes	joung-one-pcr-crispr-screen-readout__10.1038+nprot.2017.016	documented	Single-PCR genomic guide recovery with complete single-index Illumina arms.
ours	Ours, not in scg_lib_structs	Moffat two-step CRISPR screen readout		ours	primary										moffat-two-step-crispr-screen-readout	yes	moffat-two-step-crispr-screen-readout	documented	Vendor-hosted TKOv3 workflow: locus-enrichment PCR1 followed by dual-index library PCR2.
ours	Ours, not in scg_lib_structs	CROP-seq		ours	primary		https://doi.org/10.1038/nmeth.4177		10.1038/nmeth.4177			Pooled CRISPR screening with single-cell transcriptome readout	Nature Methods	2017	crop-seq__10.1038+nmeth.4177	yes	crop-seq__10.1038+nmeth.4177	documented	Original CROP-seq vector trick and Drop-seq single-cell transcriptome readout from Datlinger et al. 2017.
ours	Ours, not in scg_lib_structs	5' direct-capture Perturb-seq		ours	primary		https://doi.org/10.1038/s41587-020-0470-y		10.1038/s41587-020-0470-y	32231336		Combinatorial single-cell CRISPR screens by direct guide RNA capture and targeted sequencing	Nature Biotechnology	2020	5-direct-capture-perturb-seq__10.1038+s41587-020-0470-y	yes	5-direct-capture-perturb-seq__10.1038+s41587-020-0470-y	documented	Standard-guide 5-prime direct capture using an oJR160 RT spike-in, 10x cell-barcode transfer and a separate guide-library PCR.
ours	Ours, not in scg_lib_structs	in situ Hi-C		ours	primary		https://doi.org/10.1016/j.cell.2014.11.021		10.1016/j.cell.2014.11.021	25497547		A 3D Map of the Human Genome at Kilobase Resolution Reveals Principles of Chromatin Looping	Cell	2014	in-situ-hi-c__10.1016+j.cell.2014.11.021	yes	in-situ-hi-c__10.1016+j.cell.2014.11.021	documented	MboI-based in situ Hi-C from Rao et al. 2014, including biotin fill-in and proximity-ligation junctions.
ours	Ours, not in scg_lib_structs	Micro-C		ours	primary		https://doi.org/10.1016/j.cell.2015.05.048		10.1016/j.cell.2015.05.048	26119342		Mapping Nucleosome Resolution Chromosome Folding in Yeast by Micro-C	Cell	2015	micro-c__10.1016+j.cell.2015.05.048	yes	micro-c__10.1016+j.cell.2015.05.048	documented	Original nucleosome-resolution Micro-C workflow from Hsieh et al. 2015: MNase fragmentation, biotin end repair, blunt proximity ligation and two-stage junction selection.
ours	Ours, not in scg_lib_structs	Nagano single-cell Hi-C		ours	primary		https://doi.org/10.1038/nature12593		10.1038/nature12593	24067610		Single-cell Hi-C reveals cell-to-cell variability in chromosome structure	Nature	2013	nagano-single-cell-hi-c__10.1038+nature12593	yes	nagano-single-cell-hi-c__10.1038+nature12593	documented	Foundational scHi-C with BglII biotin fill, bulk proximity ligation, then single-nucleus isolation and junction capture.
ours	Ours, not in scg_lib_structs	sci-Hi-C		ours	primary		https://doi.org/10.1038/nmeth.4155		10.1038/nmeth.4155	28135255		Massively multiplex single-cell Hi-C	Nature Methods	2017	sci-hi-c__10.1038+nmeth.4155	yes	sci-hi-c__10.1038+nmeth.4155	documented	Two-level combinatorial-indexing Hi-C with an internal indexed bridge and a second indexed library adapter.
ours	Ours, not in scg_lib_structs	Dip-C		ours	primary		https://doi.org/10.1126/science.aat5641		10.1126/science.aat5641	30166492		Three-dimensional genome structures of single diploid human cells	Science	2018	dip-c__10.1126+science.aat5641	yes	dip-c__10.1126+science.aat5641	documented	Biotin-free single-cell contact ligation followed by multiplex end-tagging amplification (META).
ours	Ours, not in scg_lib_structs	snHi-C		ours	primary		https://doi.org/10.1038/nature21711		10.1038/nature21711	28355183		Single-nucleus Hi-C reveals unique chromatin reorganization at oocyte-to-zygote transition	Nature	2017	snhi-c__10.1038+nature21711	yes	snhi-c__10.1038+nature21711	documented	Flyamer single-nucleus Hi-C with DpnII ligation, no biotin selection, and phi29 MDA.
ours	Ours, not in scg_lib_structs	Stevens single-cell Hi-C		ours	primary		https://doi.org/10.1038/nature21429		10.1038/nature21429	28289288		3D structures of individual mammalian genomes studied by single-cell Hi-C	Nature	2017	stevens-single-cell-hi-c__10.1038+nature21429	yes	stevens-single-cell-hi-c__10.1038+nature21429	documented	Early single-nucleus isolation, MboI biotin fill and proximity ligation, followed by AluI library fragmentation and PCR.
ours	Ours, not in scg_lib_structs	sn-m3C-seq		ours	primary		https://doi.org/10.1038/s41592-019-0547-z		10.1038/s41592-019-0547-z	31501549		Simultaneous profiling of 3D genome structure and DNA methylation in single human cells	Nature Methods	2019	sn-m3c-seq__10.1038+s41592-019-0547-z	yes	sn-m3c-seq__10.1038+s41592-019-0547-z	documented	Joint single-nucleus chromosome contacts and DNA methylation by ligation, bisulfite conversion and indexed random priming.
ours	Ours, not in scg_lib_structs	FISSEQ		ours	primary		https://doi.org/10.1126/science.1250212		10.1126/science.1250212	24578530		Highly Multiplexed Subcellular RNA Sequencing in Situ	Science	2014	fisseq__10.1126+science.1250212	yes	fisseq__10.1126+science.1250212	documented	Transcriptome-wide fluorescent in situ RNA sequencing from Lee et al. 2014; detailed chemistry follows the authors' 2015 Nature Protocols paper.
ours	Ours, not in scg_lib_structs	Oxford Nanopore Ligation Sequencing V14 (SQK-LSK114)		ours	primary										oxford-nanopore-ligation-sequencing-v14	yes	oxford-nanopore-ligation-sequencing-v14	documented	Commercial motor-adapter ligation workflow defined by Oxford Nanopore protocol GDE_9161_v114 Rev AC.
ours	Ours, not in scg_lib_structs	PacBio SMRTbell prep kit 3.0		ours	primary										pacbio-smrtbell-prep-kit-3-0	yes	pacbio-smrtbell-prep-kit-3-0	documented	Commercial PCR-free WGS/metagenome workflow defined by PacBio procedure 102-166-600 Rev09.
ours	Ours, not in scg_lib_structs	NEBNext Ultra II DNA Library Prep (USER adaptor)		ours	primary										nebnext-ultra-ii-dna-library-prep-user-adaptor	yes	nebnext-ultra-ii-dna-library-prep-user-adaptor	documented	Commercial E7645/E7103 workflow with the E7600 hairpin adaptor, USER opening and dual-index PCR.
ours	Ours, not in scg_lib_structs	CRISPR-MIP		ours	primary		https://doi.org/10.1101/2024.03.28.587082		10.1101/2024.03.28.587082			CRISPR-MIP replaces PCR and reveals GC and oversampling bias in pooled CRISPR screens	bioRxiv	2024	crispr-mip__10.1101+2024.03.28.587082	yes	crispr-mip__10.1101+2024.03.28.587082	documented	sgRNA quantification by molecular inversion probe.
ours	Ours, not in scg_lib_structs	CRISPR-UMI (Schmierer)		ours	primary		https://doi.org/10.15252/msb.20177834		10.15252/msb.20177834	28993443		CRISPR/Cas9 screening using unique molecular identifiers	Molecular Systems Biology	2017	crispr-umi-schmierer__10.15252+msb.20177834	yes	crispr-umi-schmierer__10.15252+msb.20177834	documented	Schmierer guide-library RSL construction, genomic recovery, nested library PCR and sequencing layout.
ours	Ours, not in scg_lib_structs	STRT-C1		ours	primary		https://doi.org/10.1038/nmeth.2772		10.1038/nmeth.2772	24363023		Quantitative single-cell RNA-seq with unique molecular identifiers	Nature Methods	2013	strt-c1__10.1038+nmeth.2772	yes	strt-c1__10.1038+nmeth.2772	documented	Fluidigm C1 STRT protocol with a TSO UMI and barcoded Tn5 adapter.
ours	Ours, not in scg_lib_structs	STRT-seq-2i		ours	primary		https://doi.org/10.1038/s41598-017-16546-4		10.1038/s41598-017-16546-4	29180631		STRT-seq-2i: dual-index 5ʹ single cell and nucleus RNA-seq on an addressable microwell array	Scientific Reports	2017	strt-seq-2i__10.1038+s41598-017-16546-4	yes	strt-seq-2i__10.1038+s41598-017-16546-4	documented	Dual-index STRT protocol from Hochgerner et al. 2017.
ours	Ours, not in scg_lib_structs	10x Chromium Single Cell 3' v3 Cell Surface Protein		ours	primary										10x-chromium-single-cell-3-v3-cell-surface-protein	yes	10x-chromium-single-cell-3-v3-cell-surface-protein	documented	Commercial antibody Feature Barcode chemistry defined by 10x user guide CG000185 Rev B.
ours	Ours, not in scg_lib_structs	10x Chromium Single Cell 3' v3 gRNA Capture (Feature Barcode)		ours	primary										10x-chromium-single-cell-3-v3-crispr-screening	yes	10x-chromium-single-cell-3-v3-crispr-screening	documented	Commercial direct-guide-capture chemistry using an engineered CS1/CS2 sgRNA, defined by 10x guides CG000184 and CG000197.
ours	Ours, not in scg_lib_structs	10x Chromium Single Cell 3' Gene Expression v2		ours	primary										10x-chromium-single-cell-3-ge-v2	yes	10x-chromium-single-cell-3-ge-v2	documented	Commercial v2 chemistry defined by 10x technical note CG000108 Rev A.
ours	Ours, not in scg_lib_structs	10x Chromium Single Cell 3' Gene Expression v3		ours	primary										10x-chromium-single-cell-3-ge-v3	yes	10x-chromium-single-cell-3-ge-v3	documented	Commercial v3 chemistry defined by 10x user guide CG000183 Rev A.
ours	Ours, not in scg_lib_structs	10x Chromium GEM-X Single Cell 3' Gene Expression v4		ours	primary										10x-chromium-gem-x-single-cell-3-ge-v4	yes	10x-chromium-gem-x-single-cell-3-ge-v4	documented	Commercial v4 chemistry defined by 10x user guide CG000731 Rev A.
ours	Ours, not in scg_lib_structs	10x Chromium Single Cell 5' VDJ v2		ours	primary										10x-chromium-single-cell-5-vdj-v2	yes	10x-chromium-single-cell-5-vdj-v2	documented	Commercial Next GEM v2 V(D)J chemistry defined by 10x user guide CG000331 Rev F.
ours	Ours, not in scg_lib_structs	10x Chromium GEM-X Single Cell 5' VDJ v3		ours	primary										10x-chromium-gem-x-single-cell-5-vdj-v3	yes	10x-chromium-gem-x-single-cell-5-vdj-v3	documented	Commercial GEM-X v3 V(D)J chemistry defined by 10x user guide CG000734 Rev A.
ours	Ours, not in scg_lib_structs	10x Chromium Single Cell 5' Gene Expression v1		ours	primary										10x-chromium-single-cell-5-ge-v1	yes	10x-chromium-single-cell-5-ge-v1	documented	Commercial v1 chemistry defined by 10x technical note CG000109 Rev D.
ours	Ours, not in scg_lib_structs	10x Chromium GEM-X Single Cell 5' Gene Expression v3		ours	primary										10x-chromium-gem-x-single-cell-5-ge-v3	yes	10x-chromium-gem-x-single-cell-5-ge-v3	documented	Commercial GEM-X v3 chemistry defined by 10x user guide CG000733 Rev A.
ours	Ours, not in scg_lib_structs	mcSCRB-seq		ours	primary		https://doi.org/10.1038/s41467-018-05347-6		10.1038/s41467-018-05347-6	30050112		Sensitive and powerful single-cell RNA sequencing using mcSCRB-seq	Nature Communications	2018	mcscrb-seq__10.1038+s41467-018-05347-6	yes	mcscrb-seq__10.1038+s41467-018-05347-6	documented	Molecular-crowding SCRB-seq protocol from Bagnoli et al. 2018, with its protocols.io procedure as an additional primary protocol source.
ours	Ours, not in scg_lib_structs	inDrop v2		ours	primary		https://doi.org/10.1038/nprot.2016.154		10.1038/nprot.2016.154	27929523		Single-cell barcoding and sequencing using droplet microfluidics	Nature Protocols	2016	indrop-v2__10.1038+nprot.2016.154	yes	indrop-v2__10.1038+nprot.2016.154	documented	Nature Protocols 2017 inDrop chemistry with PE2-N6 conversion and flipped biological/metadata reads.
ours	Ours, not in scg_lib_structs	sci-ATAC-seq (2018)		ours	primary		https://doi.org/10.1038/nature25981		10.1038/nature25981			The cis-regulatory dynamics of embryonic development at single-cell resolution	Nature	2018	sci-atac-seq-2018__10.1038+nature25981	yes	sci-atac-seq-2018__10.1038+nature25981	documented	Improved two-level protocol with authoritative 10-nt PCR-index oligos from Supplementary Table S12.
ours	Ours, not in scg_lib_structs	dsciATAC-seq		ours	primary		https://doi.org/10.1038/s41587-019-0147-6		10.1038/s41587-019-0147-6			Droplet-based combinatorial indexing for massive-scale single-cell chromatin accessibility	Nature Biotechnology	2019	dsciatac-seq__10.1038+s41587-019-0147-6	yes	dsciatac-seq__10.1038+s41587-019-0147-6	documented	Plate-barcoded Tn5 followed by bead-barcode PCR in droplets.
ours	Ours, not in scg_lib_structs	TeloPCR-seq		ours	primary		https://doi.org/10.1002/1873-3468.12444		10.1002/1873-3468.12444	27714790		Telo <scp>PCR</scp> ‐seq: a high‐throughput sequencing approach for telomeres	FEBS Letters	2016	telopcr-seq__10.1002+1873-3468.12444	yes	telopcr-seq__10.1002+1873-3468.12444	documented	Anchor ligation, chromosome-end PCR and PacBio circular sequencing of S. pombe telomeres.
ours	Ours, not in scg_lib_structs	Yeast TeloTag		ours	primary		https://doi.org/10.1101/gr.275868.121		10.1101/gr.275868.121	34702734		Chromosome-specific telomere lengths and the minimal functional telomere revealed by nanopore sequencing	Genome Research	2021	yeast-telotag__10.1101+gr.275868.121	yes	yeast-telotag__10.1101+gr.275868.121	documented	Poly(A)-assisted terminal tagging and nanopore sequencing of S. cerevisiae telomeres.
ours	Ours, not in scg_lib_structs	PacBio telobait		ours	primary		https://doi.org/10.1038/s41467-023-35823-7		10.1038/s41467-023-35823-7	36650155		High-throughput telomere length measurement at nucleotide resolution using the PacBio high fidelity sequencing platform	Nature Communications	2023	pacbio-telobait__10.1038+s41467-023-35823-7	yes	pacbio-telobait__10.1038+s41467-023-35823-7	documented	Phased biotinylated telobait capture and PacBio HiFi sequencing of human chromosome ends.
ours	Ours, not in scg_lib_structs	Telo-seq		ours	primary		https://doi.org/10.1038/s41467-024-48917-7		10.1038/s41467-024-48917-7	38890299		High resolution long-read telomere sequencing reveals dynamic mechanisms in aging and cancer	Nature Communications	2024	telo-seq__10.1038+s41467-024-48917-7	yes	telo-seq__10.1038+s41467-024-48917-7	documented	Telorette-directed Oxford Nanopore sequencing from native human telomere ends.
ours	Ours, not in scg_lib_structs	Digital Telomere Measurement		ours	primary		https://doi.org/10.1038/s41467-024-49007-4		10.1038/s41467-024-49007-4	38890274		Digital telomere measurement by long-read sequencing distinguishes healthy aging from disease	Nature Communications	2024	digital-telomere-measurement__10.1038+s41467-024-49007-4	yes	digital-telomere-measurement__10.1038+s41467-024-49007-4	documented	Barcoded capture/tether ligation, gap fill and nanopore measurement of individual telomeres.
ours	Ours, not in scg_lib_structs	Telomere Profiling		ours	primary		https://doi.org/10.1126/science.ado0431		10.1126/science.ado0431	38603523		Human telomere length is chromosome end–specific and conserved across individuals	Science	2024	telomere-profiling__10.1126+science.ado0431	yes	telomere-profiling__10.1126+science.ado0431	documented	Restriction-assisted biotin TeloTag enrichment and nanopore sequencing of human telomeres.
ours	Ours, not in scg_lib_structs	NEBNext Ultra II Directional RNA		ours	primary										nebnext-ultra-ii-directional-rna	yes	nebnext-ultra-ii-directional-rna	documented	Commercial E7760 strand-specific RNA-seq workflow using dUTP-marked second-strand cDNA and USER selection.
ours	Ours, not in scg_lib_structs	NEBNext Low-bias Small RNA		ours	primary										nebnext-low-bias-small-rna	yes	nebnext-low-bias-small-rna	documented	Commercial E3420 randomized-splint small-RNA ligation workflow; undisclosed adaptor sequences remain placeholders.
ours	Ours, not in scg_lib_structs	NEBNext Enzymatic Methyl-seq v2		ours	primary										nebnext-enzymatic-methyl-seq-v2	yes	nebnext-enzymatic-methyl-seq-v2	documented	Commercial E8015 enzymatic methyl-seq workflow using TET2/T4-BGT protection and APOBEC conversion.
ours	Ours, not in scg_lib_structs	NEBNext Single Cell Low Input RNA		ours	primary										nebnext-single-cell-low-input-rna	yes	nebnext-single-cell-low-input-rna	documented	Commercial E6420 template-switching whole-transcript cDNA workflow followed by Ultra II FS library preparation.
ours	Ours, not in scg_lib_structs	NEBNext Ultra II FS DNA PCR-free		ours	primary										nebnext-ultra-ii-fs-dna-pcr-free	yes	nebnext-ultra-ii-fs-dna-pcr-free	documented	Commercial E7430 fragmentation/end prep and full-length UDI-UMI adaptor workflow without library PCR.
ours	Ours, not in scg_lib_structs	RNAscope		ours	primary		https://doi.org/10.1016/j.jmoldx.2011.08.002		10.1016/j.jmoldx.2011.08.002	22166544		RNAscope	The Journal of Molecular Diagnostics	2012	rnascope__10.1016+j.jmoldx.2011.08.002	yes	rnascope__10.1016+j.jmoldx.2011.08.002	documented	Double-Z adjacent-probe RNA ISH with branched-DNA signal amplification and microscopy readout.
ours	Ours, not in scg_lib_structs	PrimeFlow RNA Assay		ours	primary		https://doi.org/10.1038/ncomms6641		10.1038/ncomms6641	25472703		High-throughput detection of miRNAs and gene-specific mRNA at the single-cell level by flow cytometry	Nature Communications	2014	primeflow-rna-assay__10.1038+ncomms6641	yes	primeflow-rna-assay__10.1038+ncomms6641	documented	Flow-cytometric RNA detection by adjacent target-probe pairs and branched-DNA fluorescence amplification, optionally combined with protein immunophenotyping.
ours	Ours, not in scg_lib_structs	CUT&Tag		ours	primary		https://doi.org/10.1038/s41467-019-09982-5		10.1038/s41467-019-09982-5	31036827		CUT&Tag for efficient epigenomic profiling of small samples and single cells	Nature Communications	2019	cut-tag__10.1038+s41467-019-09982-5	yes	cut-tag__10.1038+s41467-019-09982-5	documented	Antibody-tethered pA-Tn5 performs target-proximal cleavage and adapter transfer in one reaction.
ours	Ours, not in scg_lib_structs	CUT&RUN		ours	primary		https://doi.org/10.7554/eLife.21856		10.7554/eLife.21856	28079019		An efficient targeted nuclease strategy for high-resolution mapping of DNA binding sites	eLife	2017	cut-run__10.7554+eLife.21856	yes	cut-run__10.7554+eLife.21856	documented	Antibody-tethered pA-MNase releases target-proximal chromatin fragments before conventional Illumina library preparation.
ours	Ours, not in scg_lib_structs	10x Visium Spatial Gene Expression		ours	primary										10x-visium-spatial-gene-expression	yes	10x-visium-spatial-gene-expression	documented	Commercial array-capture spatial transcriptomics with a 16-nt spot barcode and 12-nt UMI.
ours	Ours, not in scg_lib_structs	Duplex Sequencing		ours	primary		https://doi.org/10.1073/pnas.1208715109		10.1073/pnas.1208715109	22853953		Detection of ultra-rare mutations by next-generation sequencing	Proceedings of the National Academy of Sciences	2012	duplex-sequencing__10.1073+pnas.1208715109	yes	duplex-sequencing__10.1073+pnas.1208715109	documented	Complementary double-stranded molecular tags connect the two strand-family consensuses from one original duplex.
ours	Ours, not in scg_lib_structs	Single-stranded ancient DNA		ours	primary		https://doi.org/10.1038/nprot.2013.038		10.1038/nprot.2013.038	23493070		Single-stranded DNA library preparation for the sequencing of ancient or damaged DNA	Nature Protocols	2013	single-stranded-ancient-dna__10.1038+nprot.2013.038	yes	single-stranded-ancient-dna__10.1038+nprot.2013.038	documented	Biotin capture and copying recover individual damaged DNA strands before second-adapter ligation and indexing.
ours	Ours, not in scg_lib_structs	Oxford Nanopore Direct RNA Sequencing RNA004		ours	primary										oxford-nanopore-direct-rna-sequencing-rna004	yes	oxford-nanopore-direct-rna-sequencing-rna004	documented	Commercial native-RNA library with an RTA, stabilizing cDNA and motor-controlled RNA pore entry.
ours	Ours, not in scg_lib_structs	DNBSEQ library circularization		ours	primary										dnbseq-library-circularization	yes	dnbseq-library-circularization	documented	Commercial ssDNA circularization, rolling-circle replication and patterned-array DNA-nanoball sequencing.
ours	Ours, not in scg_lib_structs	ATAC-seq		ours	primary		https://doi.org/10.1038/nmeth.2688		10.1038/nmeth.2688			Transposition of native chromatin for fast and sensitive epigenomic profiling of open chromatin, DNA-binding proteins and nucleosome position	Nature Methods	2013	atac-seq__10.1038+nmeth.2688	yes	atac-seq__10.1038+nmeth.2688	documented	Original bulk ATAC-seq: direct Tn5 tagmentation of accessible native chromatin followed by limited indexed PCR.
ours	Ours, not in scg_lib_structs	MethylC-seq		ours	primary		https://doi.org/10.1038/nprot.2014.114		10.1038/nprot.2014.114	25692984		MethylC-seq library preparation for base-resolution whole-genome bisulfite sequencing	Nature Protocols	2015	methylc-seq__10.1038+nprot.2014.114	yes	methylc-seq__10.1038+nprot.2014.114	documented	Conventional ligation-first WGBS with fully methylated adapters, bisulfite conversion and uracil-tolerant PCR.
ours	Ours, not in scg_lib_structs	PBAT		ours	primary		https://doi.org/10.1093/nar/gks454		10.1093/nar/gks454	22649061		Amplification-free whole-genome bisulfite sequencing by post-bisulfite adaptor tagging	Nucleic Acids Research	2012	pbat__10.1093+nar+gks454	yes	pbat__10.1093+nar+gks454	documented	Post-bisulfite adaptor tagging by two ordered N4 random-primer extensions, demonstrated without global library PCR.
ours	Ours, not in scg_lib_structs	HiChIP		ours	primary		https://doi.org/10.1038/nmeth.3999		10.1038/nmeth.3999	27643841		HiChIP: efficient and sensitive analysis of protein-directed genome architecture	Nature Methods	2016	hichip__10.1038+nmeth.3999	yes	hichip__10.1038+nmeth.3999	documented	Protein-directed in situ chromatin contacts enriched by immunoprecipitation and on-bead Tn5 library construction.
ours	Ours, not in scg_lib_structs	DiMeLo-seq		ours	primary		https://doi.org/10.1038/s41592-022-01475-6		10.1038/s41592-022-01475-6	35396487		DiMeLo-seq: a long-read, single-molecule method for mapping protein–DNA interactions genome wide	Nature Methods	2022	dimelo-seq__10.1038+s41592-022-01475-6	yes	dimelo-seq__10.1038+s41592-022-01475-6	documented	Antibody-tethered Hia5 deposits m6A near a chromatin target for native, amplification-free long-read detection.
ours	Ours, not in scg_lib_structs	ChIP-seq		ours	primary		https://doi.org/10.1038/nmeth.1068								chip-seq__10.1038+nmeth.1068	yes	chip-seq__10.1038+nmeth.1068	documented	DOI unconfirmed by Crossref/NCBI, dropped: 10.1038/nmeth.1068
ours	Ours, not in scg_lib_structs	ChIPmentation		ours	primary		https://doi.org/10.1038/nmeth.3542		10.1038/nmeth.3542	26280331		ChIPmentation: fast, robust, low-input ChIP-seq for histones and transcription factors	Nature Methods	2015	chipmentation__10.1038+nmeth.3542	yes	chipmentation__10.1038+nmeth.3542	documented	Tn5 fragments and adapter-tags immunoprecipitated chromatin directly on beads.
ours	Ours, not in scg_lib_structs	CUTAC		ours	primary		https://doi.org/10.1186/s13059-020-02266-4								cutac__10.1186+s13059-020-02266-4	yes	cutac__10.1186+s13059-020-02266-4	documented	DOI unconfirmed by Crossref/NCBI, dropped: 10.1186/s13059-020-02266-4
ours	Ours, not in scg_lib_structs	Ribo-seq		ours	primary		https://doi.org/10.1126/science.1168978		10.1126/science.1168978	19213877		Genome-Wide Analysis in Vivo of Translation with Nucleotide Resolution Using Ribosome Profiling	Science	2009	ribo-seq__10.1126+science.1168978	yes	ribo-seq__10.1126+science.1168978	documented	Original ribosome profiling: nuclease-protected footprints, 3-prime adapter ligation, RT, cDNA circularization and indexed sequencing.
ours	Ours, not in scg_lib_structs	PRO-seq		ours	primary		https://doi.org/10.1101/gr.150027.112								pro-seq__10.1101+gr.150027.112	yes	pro-seq__10.1101+gr.150027.112	documented	DOI unconfirmed by Crossref/NCBI, dropped: 10.1101/gr.150027.112
ours	Ours, not in scg_lib_structs	eCLIP		ours	primary		https://doi.org/10.1038/nmeth.3810		10.1038/nmeth.3810	27018577		Robust transcriptome-wide discovery of RNA-binding protein binding sites with enhanced CLIP (eCLIP)	Nature Methods	2016	eclip__10.1038+nmeth.3810	yes	eclip__10.1038+nmeth.3810	documented	RBP crosslink immunoprecipitation with RNA-adapter ligation before RT and cDNA-adapter ligation after RT.
ours	Ours, not in scg_lib_structs	PacBio Iso-Seq v2 (SMRTbell prep kit 3.0)		ours	primary										pacbio-isoseq-smrtbell-prep-kit-3-0	yes	pacbio-isoseq-smrtbell-prep-kit-3-0	documented	Commercial full-length cDNA workflow followed by repair, A-tailing and closed-SMRTbell circular-consensus sequencing.
ours	Ours, not in scg_lib_structs	RAMPAGE		ours	primary		https://doi.org/10.1101/gr.139618.112		10.1101/gr.139618.112	22936248		High-fidelity promoter profiling reveals widespread alternative promoter usage and transposon-driven developmental gene expression	Genome Research	2012	rampage__10.1101+gr.139618.112	yes	rampage__10.1101+gr.139618.112	documented	Template switching plus cap trapping enriches 5-prime-complete cDNA for paired-end promoter and transcript-connectivity sequencing.
ours	Ours, not in scg_lib_structs	Oxford Nanopore cDNA-PCR Sequencing V14		ours	primary										oxford-nanopore-cdna-pcr-sequencing-v14	yes	oxford-nanopore-cdna-pcr-sequencing-v14	documented	Commercial strand-switch cDNA workflow with UMI incorporation, full-length PCR, rapid-adapter attachment and motor-controlled pore entry.
ours	Ours, not in scg_lib_structs	Oxford Nanopore Direct cDNA Sequencing		ours	primary										oxford-nanopore-direct-cdna-sequencing	yes	oxford-nanopore-direct-cdna-sequencing	documented	Historical PCR-free strand-switch cDNA workflow with second-strand synthesis, dA tailing and sequencing-adapter ligation.
ours	Ours, not in scg_lib_structs	SHAPE-MaP		ours	primary		https://doi.org/10.1038/nmeth.3029		10.1038/nmeth.3029	25028896		RNA motif discovery by SHAPE and mutational profiling (SHAPE-MaP)	Nature Methods	2014	shape-map__10.1038+nmeth.3029	yes	shape-map__10.1038+nmeth.3029	documented	RNA flexibility is chemically marked and encoded as reverse-transcription mutations for indexed sequencing.
ours	Ours, not in scg_lib_structs	10x Fixed RNA Profiling (Flex)		ours	primary										10x-fixed-rna-profiling-flex	yes	10x-fixed-rna-profiling-flex	documented	Commercial adjacent-probe ligation assay for fixed RNA, followed by GEM cell-barcode and UMI transfer.
ours	Ours, not in scg_lib_structs	CITE-seq		ours	primary		https://doi.org/10.1038/nmeth.4380		10.1038/nmeth.4380			Simultaneous epitope and transcriptome measurement in single cells	Nature Methods	2017	cite-seq__10.1038+nmeth.4380	yes	cite-seq__10.1038+nmeth.4380	documented	Poly(A)-tailed antibody-derived tags and mRNA receive a shared droplet cell barcode and UMI before size separation.
ours	Ours, not in scg_lib_structs	Stereo-seq		ours	primary		https://doi.org/10.1016/j.cell.2022.04.003		10.1016/j.cell.2022.04.003	35512705		Spatiotemporal transcriptomic atlas of mouse organogenesis using DNA nanoball-patterned arrays	Cell	2022	stereo-seq__10.1016+j.cell.2022.04.003	yes	stereo-seq__10.1016+j.cell.2022.04.003	documented	Decoded coordinate-identifier DNA nanoballs capture tissue RNA and retain spatial identity through DNBSEQ library preparation.
ours	Ours, not in scg_lib_structs	SureSelect XT HS2 DNA		ours	primary										sureselect-xt-hs2-dna	yes	sureselect-xt-hs2-dna	documented	Commercial dual-index, optional duplex-MBC library preparation followed by pooled biotinylated-RNA-bait hybrid capture.
ours	Ours, not in scg_lib_structs	Illumina 16S Metagenomic Sequencing		ours	primary										illumina-16s-metagenomic-sequencing	yes	illumina-16s-metagenomic-sequencing	documented	Commercial two-stage V3-V4 amplicon workflow with Nextera-tailed locus primers and dual-index PCR.
ours	Ours, not in scg_lib_structs	Earth Microbiome Project ITS		ours	primary										earth-microbiome-project-its	yes	earth-microbiome-project-its	documented	EMP fungal ITS1 fusion-primer workflow with a Golay sample barcode and custom sequencing primers.
ours	Ours, not in scg_lib_structs	Illumina DNA Prep Shotgun Metagenomics		ours	primary										illumina-dna-prep-shotgun-metagenomics	yes	illumina-dna-prep-shotgun-metagenomics	documented	Bead-linked transposome preparation of total microbial-community DNA without locus selection.
ours	Ours, not in scg_lib_structs	smMIP		ours	primary		https://doi.org/10.1101/gr.147686.112		10.1101/gr.147686.112	23382536		Single molecule molecular inversion probes for targeted, high-accuracy detection of low-frequency variation	Genome Research	2013	smmip__10.1101+gr.147686.112	yes	smmip__10.1101+gr.147686.112	documented	Twelve-base-tagged molecular inversion probes select target gaps by fill-in, circularization and exonuclease digestion.
ours	Ours, not in scg_lib_structs	ddRAD-seq		ours	primary		https://doi.org/10.1371/journal.pone.0037135		10.1371/journal.pone.0037135	22675423		Double Digest RADseq: An Inexpensive Method for De Novo SNP Discovery and Genotyping in Model and Non-Model Species	PLoS ONE	2012	ddrad-seq__10.1371+journal.pone.0037135	yes	ddrad-seq__10.1371+journal.pone.0037135	documented	Double restriction digest, overhang-selective adapter ligation, combinatorial indexing and size selection for reduced-representation genotyping.
ours	Ours, not in scg_lib_structs	CAGE		ours	primary		https://doi.org/10.1038/nprot.2012.005		10.1038/nprot.2012.005	22362160		5′ end–centered expression profiling using cap-analysis gene expression and next-generation sequencing	Nature Protocols	2012	cage__10.1038+nprot.2012.005	yes	cage__10.1038+nprot.2012.005	documented	Cap trapping and tag construction for nucleotide-resolution mapping of capped RNA 5-prime ends.
ours	Ours, not in scg_lib_structs	Human NET-seq		ours	primary		https://doi.org/10.1016/j.cell.2015.03.010		10.1016/j.cell.2015.03.010	25910208		Native Elongating Transcript Sequencing Reveals Human Transcriptional Activity at Nucleotide Resolution	Cell	2015	human-net-seq__10.1016+j.cell.2015.03.010	yes	human-net-seq__10.1016+j.cell.2015.03.010	documented	Nascent-RNA 3-prime-end library preparation that reports engaged human RNA polymerase at nucleotide resolution.
ours	Ours, not in scg_lib_structs	SLAM-seq		ours	primary		https://doi.org/10.1038/nmeth.4435		10.1038/nmeth.4435	28945705		Thiol-linked alkylation of RNA to assess expression dynamics	Nature Methods	2017	slam-seq__10.1038+nmeth.4435	yes	slam-seq__10.1038+nmeth.4435	documented	4-thiouridine metabolic labelling and thiol alkylation encode newly synthesized RNA as diagnostic substitutions.
ours	Ours, not in scg_lib_structs	TAPS		ours	primary		https://doi.org/10.1038/s41587-019-0041-2		10.1038/s41587-019-0041-2	30804537		Bisulfite-free direct detection of 5-methylcytosine and 5-hydroxymethylcytosine at base resolution	Nature Biotechnology	2019	taps__10.1038+s41587-019-0041-2	yes	taps__10.1038+s41587-019-0041-2	documented	Bisulfite-free TET oxidation and pyridine-borane reduction convert methylated cytosines for base-resolution sequencing.
ours	Ours, not in scg_lib_structs	Oxford Nanopore Rapid Sequencing V14 (SQK-RAD114)		ours	primary										oxford-nanopore-rapid-sequencing-v14	yes	oxford-nanopore-rapid-sequencing-v14	documented	Commercial transposase-based rapid genomic-DNA preparation defined by the current Oxford Nanopore SQK-RAD114 protocol.
ours	Ours, not in scg_lib_structs	PacBio Kinnex full-length RNA		ours	primary										pacbio-kinnex-full-length-rna	yes	pacbio-kinnex-full-length-rna	documented	Commercial full-length cDNA concatenation into segmented arrays followed by SMRTbell construction and HiFi sequencing.
ours	Ours, not in scg_lib_structs	Long-read ChIA-PET		ours	primary		https://doi.org/10.1038/nprot.2017.012		10.1038/nprot.2017.012	28358394		Long-read ChIA-PET for base-pair-resolution mapping of haplotype-specific chromatin interactions	Nature Protocols	2017	long-read-chia-pet__10.1038+nprot.2017.012	yes	long-read-chia-pet__10.1038+nprot.2017.012	documented	Protein-directed chromatin-contact capture using a bridge linker, biotin selection and Tn5 library construction.
ours	Ours, not in scg_lib_structs	TT-seq		ours	primary		https://doi.org/10.1126/science.aad9841		10.1126/science.aad9841	27257258		TT-seq maps the human transient transcriptome	Science	2016	tt-seq__10.1126+science.aad9841	yes	tt-seq__10.1126+science.aad9841	documented	Transient-transcriptome sequencing of fragmented, metabolically labelled nascent RNA with spike-in normalization.
ours	Ours, not in scg_lib_structs	snmC-seq2		ours	primary		https://doi.org/10.1038/s41467-018-06355-2		10.1038/s41467-018-06355-2	30237449		Robust single-cell DNA methylome profiling with snmC-seq2	Nature Communications	2018	snmc-seq2__10.1038+s41467-018-06355-2	yes	snmc-seq2__10.1038+s41467-018-06355-2	documented	High-throughput single-nucleus methylome preparation with inline barcodes and dual unique indexes.
ours	Ours, not in scg_lib_structs	SCI-seq		ours	primary		https://doi.org/10.1038/nmeth.4154		10.1038/nmeth.4154	28135258		Sequencing thousands of single-cell genomes with combinatorial indexing	Nature Methods	2017	sci-seq__10.1038+nmeth.4154	yes	sci-seq__10.1038+nmeth.4154	documented	Single-cell genome sequencing by nucleosome depletion, indexed transposition and combinatorial indexing.
ours	Ours, not in scg_lib_structs	Nextera Mate Pair		ours	primary										nextera-mate-pair	yes	nextera-mate-pair	documented	Commercial long-fragment tagmentation, circularization, re-fragmentation and biotin-junction recovery workflow.
ours	Ours, not in scg_lib_structs	Double-stranded ancient DNA with partial UDG		ours	primary		https://doi.org/10.1098/rstb.2013.0624		10.1098/rstb.2013.0624	25487342		Partial uracil–DNA–glycosylase treatment for screening of ancient DNA	Philosophical Transactions of the Royal Society B: Biological Sciences	2015	double-stranded-ancient-dna-with-partial-udg__10.1098+rstb.2013.0624	yes	double-stranded-ancient-dna-with-partial-udg__10.1098+rstb.2013.0624	documented	Double-stranded ancient-DNA library preparation that removes internal uracils while retaining terminal damage signatures.
ours	Ours, not in scg_lib_structs	ARTIC tiled-amplicon sequencing		ours	primary		https://doi.org/10.1038/nprot.2017.066		10.1038/nprot.2017.066	28538739		Multiplex PCR method for MinION and Illumina sequencing of Zika and other virus genomes directly from clinical samples	Nature Protocols	2017	artic-tiled-amplicon-sequencing__10.1038+nprot.2017.066	yes	artic-tiled-amplicon-sequencing__10.1038+nprot.2017.066	documented	Alternating multiplex-primer pools tile viral genomes before platform-specific barcode and sequencing-adapter attachment.
ours	Ours, not in scg_lib_structs	SHERRY		ours	primary		https://doi.org/10.1073/pnas.1919800117		10.1073/pnas.1919800117			RNA sequencing by direct tagmentation of RNA/DNA hybrids	Proceedings of the National Academy of Sciences	2020	sherry__10.1073+pnas.1919800117	yes	sherry__10.1073+pnas.1919800117	documented	Direct Tn5 tagmentation of RNA/DNA hybrids.
ours	Ours, not in scg_lib_structs	TGIRT-seq		ours	primary		https://doi.org/10.1261/rna.054809.115								tgirt-seq__10.1261+rna.054809.115	yes	tgirt-seq__10.1261+rna.054809.115	documented	DOI unconfirmed by Crossref/NCBI, dropped: 10.1261/rna.054809.115
ours	Ours, not in scg_lib_structs	R2C2		ours	primary		https://doi.org/10.1073/pnas.1806447115								r2c2__10.1073+pnas.1806447115	yes	r2c2__10.1073+pnas.1806447115	documented	DOI unconfirmed by Crossref/NCBI, dropped: 10.1073/pnas.1806447115
ours	Ours, not in scg_lib_structs	TELL-seq		ours	primary		https://doi.org/10.1101/gr.260380.119								tell-seq__10.1101+gr.260380.119	yes	tell-seq__10.1101+gr.260380.119	documented	DOI unconfirmed by Crossref/NCBI, dropped: 10.1101/gr.260380.119
ours	Ours, not in scg_lib_structs	nanopore Cas9-targeted sequencing (nCATS)		ours	primary		https://doi.org/10.1038/s41587-020-0407-5								nanopore-cas9-targeted-sequencing-ncats__10.1038+s41587-020-0407-5	yes	nanopore-cas9-targeted-sequencing-ncats__10.1038+s41587-020-0407-5	documented	DOI unconfirmed by Crossref/NCBI, dropped: 10.1038/s41587-020-0407-5
ours	Ours, not in scg_lib_structs	Pore-C		ours	primary		https://doi.org/10.1038/s41587-022-01289-z								pore-c__10.1038+s41587-022-01289-z	yes	pore-c__10.1038+s41587-022-01289-z	documented	DOI unconfirmed by Crossref/NCBI, dropped: 10.1038/s41587-022-01289-z
ours	Ours, not in scg_lib_structs	miCLIP		ours	primary		https://doi.org/10.1038/nmeth.3453								miclip__10.1038+nmeth.3453	yes	miclip__10.1038+nmeth.3453	documented	DOI unconfirmed by Crossref/NCBI, dropped: 10.1038/nmeth.3453
ours	Ours, not in scg_lib_structs	Bulk UMI 5-prime-RACE AIRR-seq		ours	primary		https://doi.org/10.1007/978-1-0716-2115-8_19								airr-umi-5-race__10.1007+978-1-0716-2115-8_19	yes	airr-umi-5-race__10.1007+978-1-0716-2115-8_19	documented	DOI unconfirmed by Crossref/NCBI, dropped: 10.1007/978-1-0716-2115-8_19
ours	Ours, not in scg_lib_structs	scCAPS+		ours	primary		https://doi.org/10.1101/2024.02.12.579864		10.1101/2024.02.12.579864			Direct, bisulfite-free 5mC and 5hmC sequencing at single-cell resolution	bioRxiv	2024	sccaps__10.1101+2024.02.12.579864	yes	sccaps__10.1101+2024.02.12.579864	documented	Single-cell CAPS+ selectively reports 5hmC after βGT protection, chemical conversion and combinatorial indexing.
